date,Brightness,roomname,Humidity,SetpointHistory,Temperature
2017-03-09 13:20:00,39.37,Bathroom,43.0,16.0,18.9
2017-03-10 08:00:00,29.3,Bathroom,39.0,16.0,19.37
2017-03-10 13:30:00,426.65000000000003,Bathroom,38.0,16.0,19.06
2017-03-13 13:40:00,691.7,Bathroom,34.0,16.0,20.0
2017-03-13 21:30:00,0.0,Bathroom,97.0,16.0,19.69
2017-03-14 13:40:00,240.33,Bathroom,38.0,16.0,19.06
2017-03-15 13:40:00,426.65,Bathroom,39.0,16.0,19.21
2017-03-15 20:20:00,69.58,Bathroom,75.0,28.0,21.57
2017-03-16 13:50:00,634.025,Bathroom,37.0,16.0,20.79
2017-03-17 13:50:00,206.0,Bathroom,39.0,16.0,19.84
2017-03-17 19:50:00,107.12,Bathroom,40.0,27.0,21.1
2017-03-17 20:30:00,35.71,Bathroom,89.0,20.0,24.25
2017-03-18 14:00:00,41.2,Bathroom,42.0,16.0,18.9
2017-03-19 08:20:00,10.07,Bathroom,50.0,20.0,17.64
2017-03-19 14:00:00,28.38,Bathroom,49.0,16.0,17.48
2017-03-19 21:50:00,77.82,Bathroom,86.0,16.0,23.46
2017-03-20 14:00:00,76.91,Bathroom,45.0,16.0,18.43
2017-03-20 21:30:00,41.66,Bathroom,84.0,16.0,21.89
2017-03-22 14:10:00,27.009999999999998,Bathroom,43.0,16.0,18.9
2017-03-23 14:10:00,80.57,Bathroom,45.0,16.0,18.9
2017-03-24 14:20:00,82.4,Bathroom,47.0,16.0,19.21
2017-03-24 17:30:00,18.31,Bathroom,46.0,20.0,19.37
2017-03-24 21:30:00,0.0,Bathroom,45.0,18.0,19.53
2017-03-24 23:00:00,68.67,Bathroom,49.0,16.0,20.0
2017-03-25 08:30:00,87.89,Bathroom,44.0,20.0,18.58
2017-03-25 13:00:00,557.57,Bathroom,33.0,16.0,19.69
2017-03-25 15:30:00,96.13,Bathroom,34.0,20.0,19.06
2017-03-25 20:50:00,0.0,Bathroom,39.0,16.0,20.16
2017-03-26 01:40:00,0.0,Bathroom,39.0,16.0,19.21
2017-03-26 06:40:00,18.31,Bathroom,38.0,20.0,19.06
2017-03-27 22:20:00,0.0,Bathroom,86.0,16.0,20.31
2017-03-28 01:10:00,0.0,Bathroom,46.0,16.0,19.53
2017-03-28 06:10:00,0.0,Bathroom,41.0,20.0,19.21
2017-03-28 07:30:00,9.16,Bathroom,39.0,16.0,20.0
2017-03-28 17:30:00,39.37,Bathroom,39.0,20.0,19.84
2017-03-28 19:00:00,13.73,Bathroom,57.0,16.0,20.63
2017-03-28 23:10:00,0.0,Bathroom,44.0,16.0,19.53
2017-03-29 20:40:00,0.0,Bathroom,44.0,20.0,19.37
2017-03-29 21:30:00,0.0,Bathroom,43.0,16.0,20.47
2017-03-30 02:30:00,0.0,Bathroom,44.0,16.0,19.37
2017-03-30 07:30:00,21.515,Bathroom,77.0,16.0,21.02
2017-03-30 17:30:00,52.19,Bathroom,42.0,20.0,20.31
2017-03-30 21:30:00,83.32,Bathroom,61.0,16.0,20.0
2017-03-31 00:00:00,0.0,Bathroom,54.0,16.0,19.84
2017-03-31 06:10:00,0.0,Bathroom,49.0,20.0,19.84
2017-03-31 07:30:00,10.99,Bathroom,48.0,16.0,19.84
2017-03-31 17:30:00,34.79,Bathroom,46.0,20.0,20.63
2017-03-31 21:30:00,0.0,Bathroom,42.0,16.0,20.63
2017-04-01 00:40:00,0.0,Bathroom,45.0,16.0,20.16
2017-04-03 01:30:00,0.0,Bathroom,55.0,16.0,19.06
2017-04-04 00:50:00,0.0,Bathroom,67.0,16.0,18.9
2017-04-04 07:00:00,2.75,Bathroom,49.0,20.0,18.58
2017-04-12 21:30:00,0.0,Bathroom,42.0,16.0,20.63
2017-04-13 01:00:00,0.0,Bathroom,44.0,16.0,19.53
2017-04-13 06:10:00,0.0,Bathroom,45.0,20.0,19.53
2017-04-13 07:30:00,3.66,Bathroom,70.0,16.0,19.37
2017-04-13 17:30:00,13.73,Bathroom,44.0,20.0,19.37
2017-04-13 21:30:00,75.99,Bathroom,93.0,16.0,22.2
2017-04-14 02:30:00,0.0,Bathroom,48.0,16.0,19.53
2017-04-14 06:10:00,0.0,Bathroom,45.0,20.0,19.21
2017-04-14 07:30:00,10.07,Bathroom,45.0,16.0,19.21
2017-04-14 16:30:00,92.47,Bathroom,42.0,20.0,18.58
2017-04-14 21:30:00,0.0,Bathroom,40.0,16.0,20.31
2017-04-15 02:50:00,0.0,Bathroom,41.0,16.0,19.37
2017-04-15 08:50:00,95.22,Bathroom,41.0,20.0,18.9
2017-04-15 13:00:00,182.2,Bathroom,44.0,16.0,19.84
2017-04-15 17:00:00,41.2,Bathroom,42.0,20.0,19.37
2017-04-15 21:30:00,0.0,Bathroom,44.0,16.0,19.06
2017-04-16 03:00:00,0.0,Bathroom,43.0,16.0,18.58
2017-04-16 08:40:00,82.4,Bathroom,42.0,20.0,18.27
2017-04-16 13:00:00,97.05,Bathroom,41.0,16.0,18.27
2017-04-16 15:20:00,84.23,Bathroom,42.0,20.0,18.11
2017-04-16 21:30:00,0.0,Bathroom,42.0,16.0,17.64
2017-04-17 02:00:00,0.0,Bathroom,43.0,16.0,17.48
2017-04-17 04:00:00,0.0,Bathroom,43.0,20.0,17.48
2017-04-17 07:30:00,4.58,Bathroom,42.0,16.0,18.27
2017-04-17 15:20:00,75.99,Bathroom,44.0,20.0,17.17
2017-04-17 20:20:00,67.75,Bathroom,44.0,16.0,19.06
2017-04-17 23:10:00,0.0,Bathroom,44.0,16.0,17.95
2017-04-18 10:10:00,43.03,Bathroom,46.0,20.0,17.64
2017-04-18 23:20:00,0.0,Bathroom,40.0,16.0,20.63
2017-04-19 05:00:00,0.0,Bathroom,40.0,20.0,18.74
2017-04-19 07:30:00,12.82,Bathroom,88.0,16.0,23.46
2017-04-19 14:20:00,51.27,Bathroom,38.0,20.0,18.43
2017-04-19 19:50:00,3.66,Bathroom,40.0,28.0,19.53
2017-04-19 21:50:00,0.0,Bathroom,51.0,16.0,18.58
2017-04-20 06:20:00,71.41,Bathroom,41.0,20.0,18.58
2017-04-20 07:20:00,19.23,Bathroom,43.0,20.0,19.37
2017-04-20 07:30:00,29.3,Bathroom,42.0,18.0,19.53
2017-04-21 07:30:00,9.16,Bathroom,36.0,16.0,20.0
2017-04-21 10:10:00,236.21,Bathroom,37.0,20.0,19.21
2017-04-21 12:30:00,509.96,Bathroom,29.0,16.0,21.26
2017-04-21 17:30:00,52.19,Bathroom,37.0,20.0,20.0
2017-04-21 21:30:00,0.0,Bathroom,40.0,16.0,19.84
2017-04-21 22:40:00,0.0,Bathroom,41.0,20.0,19.69
2017-04-22 23:00:00,0.0,Bathroom,45.0,16.0,20.0
2017-04-23 10:00:00,162.05,Bathroom,40.0,20.0,19.06
2017-04-30 00:40:00,0.0,Bathroom,48.0,16.0,19.69
2017-04-30 01:00:00,0.0,Bathroom,47.5,16.0,19.61
2017-04-30 10:00:00,195.93,Bathroom,49.0,20.0,19.06
2017-04-30 13:00:00,663.78,Bathroom,43.0,16.0,20.0
2017-04-30 17:00:00,65.92,Bathroom,46.0,20.0,19.21
2017-04-30 21:30:00,0.0,Bathroom,44.0,16.0,20.79
2017-05-01 00:20:00,0.0,Bathroom,44.0,16.0,19.84
2017-05-01 06:10:00,3.66,Bathroom,42.0,20.0,19.53
2017-05-01 07:30:00,16.48,Bathroom,42.0,16.0,19.53
2017-05-01 17:30:00,43.03,Bathroom,50.0,20.0,19.53
2017-05-01 21:30:00,66.84,Bathroom,45.0,16.0,20.63
2017-05-02 01:30:00,0.0,Bathroom,46.0,16.0,19.69
2017-05-02 06:10:00,0.0,Bathroom,46.0,20.0,19.53
2017-05-02 07:30:00,3.66,Bathroom,46.0,16.0,19.53
2017-05-02 16:30:00,37.535,Bathroom,47.0,20.0,18.9
2017-05-02 20:00:00,2.75,Bathroom,44.0,27.5,20.94
2017-05-02 21:30:00,0.0,Bathroom,59.0,16.0,21.26
2017-05-03 06:10:00,2.29,Bathroom,47.5,20.0,19.53
2017-05-03 07:30:00,10.07,Bathroom,49.0,16.0,20.16
2017-05-03 17:30:00,24.72,Bathroom,49.0,20.0,19.53
2017-05-03 21:30:00,69.58,Bathroom,87.0,16.0,25.35
2017-05-04 01:20:00,0.0,Bathroom,62.0,16.0,19.37
2017-05-04 06:10:00,3.66,Bathroom,54.0,20.0,19.37
2017-05-04 07:30:00,32.96,Bathroom,50.0,16.0,20.16
2017-05-04 17:30:00,86.98,Bathroom,51.0,20.0,19.53
2017-05-04 20:20:00,0.92,Bathroom,49.0,27.5,20.47
2017-05-04 21:30:00,0.0,Bathroom,70.0,16.0,22.52
2017-05-05 03:00:00,0.0,Bathroom,54.5,16.0,19.84
2017-05-05 06:10:00,1.83,Bathroom,52.0,20.0,19.84
2017-05-05 07:30:00,14.65,Bathroom,54.0,16.0,19.69
2017-05-05 17:30:00,102.54,Bathroom,50.0,20.0,19.53
2017-05-05 21:30:00,0.0,Bathroom,79.0,16.0,19.53
2017-05-06 00:30:00,0.0,Bathroom,77.0,16.0,19.61
2017-05-06 10:00:00,173.96,Bathroom,55.0,20.0,19.21
2017-05-06 13:00:00,569.48,Bathroom,43.0,16.0,19.84
2017-05-06 17:00:00,111.7,Bathroom,53.0,20.0,19.37
2017-05-06 21:30:00,0.0,Bathroom,54.0,16.0,19.21
2017-05-07 01:30:00,0.0,Bathroom,53.0,16.0,19.06
2017-05-07 09:00:00,89.72,Bathroom,54.0,20.0,18.9
2017-05-07 13:00:00,27.47,Bathroom,56.0,16.0,19.06
2017-05-07 17:00:00,94.3,Bathroom,56.0,20.0,19.06
2017-05-07 21:20:00,0.0,Bathroom,69.0,20.0,18.74
2017-05-07 21:30:00,0.0,Bathroom,69.0,16.0,18.74
2017-05-08 05:10:00,0.0,Bathroom,61.0,20.0,18.58
2017-05-08 07:30:00,10.99,Bathroom,61.0,16.0,18.58
2017-05-08 16:30:00,111.7,Bathroom,55.0,20.0,18.74
2017-05-08 21:30:00,0.0,Bathroom,53.0,16.0,18.27
2017-05-09 01:50:00,0.0,Bathroom,58.0,16.0,18.27
2017-05-09 04:20:00,0.0,Bathroom,54.0,20.0,17.95
2017-05-09 07:30:00,32.96,Bathroom,51.0,16.0,17.8
2017-05-09 15:50:00,89.72,Bathroom,44.0,20.0,17.95
2017-05-09 21:30:00,0.0,Bathroom,38.0,18.0,16.54
2017-05-11 23:30:00,0.0,Bathroom,88.0,16.0,18.58
2017-05-12 00:00:00,0.0,Bathroom,74.0,20.0,18.43
2017-05-12 07:20:00,9.16,Bathroom,61.0,20.0,18.27
2017-05-12 07:30:00,6.41,Bathroom,61.0,16.0,18.27
2017-05-12 16:20:00,52.19,Bathroom,65.0,20.0,18.74
2017-05-12 21:30:00,0.0,Bathroom,62.0,16.0,18.43
2017-05-13 01:20:00,0.0,Bathroom,61.0,16.0,18.43
2017-05-13 08:20:00,43.95,Bathroom,58.0,20.0,18.43
2017-05-13 13:00:00,479.75,Bathroom,69.0,16.0,18.9
2017-05-13 16:50:00,56.76,Bathroom,62.0,20.0,19.06
2017-05-13 21:30:00,0.0,Bathroom,61.0,16.0,18.9
2017-05-14 03:00:00,0.0,Bathroom,61.0,16.0,18.74
2017-05-14 09:00:00,1.83,Bathroom,60.0,20.0,18.74
2017-05-14 13:00:00,164.8,Bathroom,65.0,16.0,19.53
2017-05-14 17:00:00,57.68,Bathroom,67.0,20.0,19.21
2017-05-14 21:30:00,0.0,Bathroom,66.0,16.0,19.06
2017-05-15 02:10:00,0.0,Bathroom,62.0,16.0,18.9
2017-05-15 05:10:00,0.0,Bathroom,60.0,20.0,18.74
2017-05-15 07:20:00,20.14,Bathroom,64.0,18.0,18.74
2017-05-15 07:30:00,20.14,Bathroom,63.0,16.0,18.74
2017-05-15 17:30:00,30.21,Bathroom,61.0,20.0,19.06
2017-05-15 21:20:00,0.0,Bathroom,59.0,20.0,18.9
2017-05-15 21:30:00,0.0,Bathroom,59.0,16.0,18.9
2017-05-16 02:40:00,0.0,Bathroom,58.5,16.0,18.74
2017-05-16 05:00:00,0.0,Bathroom,58.0,20.0,18.58
2017-05-16 07:30:00,21.97,Bathroom,57.0,16.0,18.58
2017-05-16 17:30:00,29.3,Bathroom,58.0,20.0,19.06
2017-05-16 21:30:00,0.0,Bathroom,58.0,16.0,19.06
2017-05-16 23:10:00,0.0,Bathroom,59.0,16.0,19.06
2017-05-17 05:10:00,0.92,Bathroom,57.0,20.0,18.9
2017-05-17 07:30:00,18.31,Bathroom,56.0,16.0,18.9
2017-05-17 17:30:00,28.38,Bathroom,57.0,20.0,19.37
2017-05-17 21:30:00,0.0,Bathroom,58.0,16.0,19.37
2017-05-18 02:10:00,0.0,Bathroom,59.0,16.0,19.37
2017-05-18 06:10:00,5.49,Bathroom,59.0,20.0,19.37
2017-05-18 07:30:00,15.56,Bathroom,88.0,16.0,23.46
2017-05-18 17:30:00,55.85,Bathroom,61.0,20.0,20.16
2017-05-18 21:30:00,0.0,Bathroom,64.0,16.0,20.16
2017-05-19 01:30:00,0.0,Bathroom,74.0,16.0,20.31
2017-05-19 06:10:00,5.49,Bathroom,68.0,20.0,20.16
2017-05-19 07:30:00,40.28,Bathroom,67.0,16.0,20.31
2017-05-19 17:30:00,14.65,Bathroom,62.0,20.0,21.42
2017-05-19 21:30:00,67.75,Bathroom,63.0,16.0,20.79
2017-05-20 02:50:00,0.0,Bathroom,58.0,16.0,20.79
2017-05-20 10:00:00,131.84,Bathroom,56.0,20.0,20.63
2017-05-20 13:00:00,95.22,Bathroom,54.0,16.0,20.63
2017-05-20 17:00:00,62.26,Bathroom,54.0,20.0,20.63
2017-05-20 21:30:00,0.0,Bathroom,54.0,16.0,20.16
2017-05-20 23:20:00,37.08,Bathroom,55.5,16.0,20.39
2017-05-21 10:00:00,256.36,Bathroom,47.0,20.0,19.06
2017-05-21 12:50:00,305.795,Bathroom,47.0,20.0,19.53
2017-05-21 13:00:00,422.99,Bathroom,48.0,16.0,19.69
2017-05-21 17:00:00,133.67,Bathroom,48.0,20.0,20.16
2017-05-21 21:30:00,0.0,Bathroom,59.0,16.0,19.53
2017-05-22 00:50:00,0.0,Bathroom,56.0,16.0,19.53
2017-05-22 06:10:00,10.99,Bathroom,54.0,20.0,19.37
2017-05-22 07:30:00,42.12,Bathroom,54.0,16.0,19.37
2017-05-22 17:30:00,54.02,Bathroom,55.0,20.0,19.53
2017-05-22 21:30:00,70.5,Bathroom,56.0,16.0,19.53
2017-05-22 23:40:00,0.0,Bathroom,91.5,16.0,19.69
2017-05-23 06:10:00,9.16,Bathroom,60.0,20.0,19.37
2017-05-23 07:30:00,21.97,Bathroom,59.0,16.0,19.53
2017-05-23 17:30:00,47.61,Bathroom,58.0,20.0,19.84
2017-05-23 21:30:00,0.0,Bathroom,95.0,16.0,21.1
2017-05-24 01:50:00,0.0,Bathroom,68.0,16.0,20.0
2017-05-24 06:10:00,7.32,Bathroom,62.0,20.0,19.84
2017-05-24 07:30:00,58.6,Bathroom,57.0,16.0,20.0
2017-05-24 17:30:00,44.86,Bathroom,54.0,20.0,20.0
2017-05-24 21:30:00,0.0,Bathroom,58.0,16.0,20.0
2017-05-24 23:00:00,37.54,Bathroom,58.0,16.0,19.84
2017-05-25 06:10:00,10.07,Bathroom,57.0,20.0,19.53
2017-05-25 07:30:00,40.28,Bathroom,58.0,16.0,19.53
2017-05-25 17:30:00,38.45,Bathroom,58.0,20.0,19.84
2017-05-25 21:30:00,0.0,Bathroom,52.0,16.0,19.69
2017-05-26 06:10:00,13.73,Bathroom,54.0,20.0,19.37
2017-05-26 07:30:00,33.88,Bathroom,54.0,16.0,19.37
2017-05-26 17:30:00,54.93,Bathroom,55.0,20.0,20.0
2017-05-26 21:30:00,0.0,Bathroom,56.0,16.0,19.84
2017-05-27 00:50:00,0.0,Bathroom,56.0,16.0,19.84
2017-05-27 10:00:00,126.35,Bathroom,56.0,20.0,20.0
2017-05-27 13:00:00,312.2,Bathroom,76.0,16.0,20.79
2017-05-27 17:00:00,56.76,Bathroom,62.0,20.0,20.63
2017-05-27 21:30:00,0.0,Bathroom,64.0,16.0,20.47
2017-05-28 10:00:00,108.04,Bathroom,56.0,20.0,20.63
2017-05-28 13:00:00,411.08,Bathroom,52.0,16.0,21.57
2017-05-28 17:00:00,54.93,Bathroom,53.0,20.0,21.1
2017-05-28 21:30:00,0.0,Bathroom,55.0,16.0,20.94
2017-05-29 06:10:00,10.99,Bathroom,55.0,20.0,20.94
2017-05-29 07:30:00,51.27,Bathroom,55.0,16.0,20.94
2017-05-29 17:30:00,57.68,Bathroom,58.0,20.0,21.73
2017-05-29 21:30:00,0.0,Bathroom,63.0,16.0,22.68
2017-05-30 01:50:00,0.0,Bathroom,65.0,16.0,22.2
2017-05-30 06:10:00,0.92,Bathroom,62.0,20.0,22.2
2017-05-30 07:30:00,46.69,Bathroom,67.0,16.0,22.2
2017-05-30 17:30:00,63.17,Bathroom,60.0,20.0,22.68
2017-05-30 21:30:00,0.0,Bathroom,60.0,16.0,22.68
2017-05-30 23:20:00,0.0,Bathroom,67.0,16.0,22.52
2017-05-31 06:10:00,4.58,Bathroom,63.0,20.0,22.52
2017-05-31 07:30:00,40.28,Bathroom,63.0,16.0,22.68
2017-05-31 17:30:00,2.75,Bathroom,58.0,20.0,22.99
2017-05-31 21:30:00,0.0,Bathroom,56.0,16.0,22.83
2017-06-01 00:30:00,0.0,Bathroom,56.0,16.0,22.83
2017-06-01 06:10:00,0.92,Bathroom,55.0,20.0,22.52
2017-06-01 07:30:00,2.75,Bathroom,56.0,16.0,22.52
2017-06-01 17:30:00,4.58,Bathroom,49.0,20.0,23.31
2017-06-01 21:30:00,72.33,Bathroom,53.0,16.0,22.83
2017-06-01 23:50:00,0.0,Bathroom,62.0,16.0,22.83
2017-06-02 06:10:00,10.99,Bathroom,54.0,20.0,22.52
2017-06-02 07:30:00,26.55,Bathroom,53.0,16.0,22.52
2017-06-02 17:30:00,51.27,Bathroom,53.0,20.0,23.15
2017-06-02 21:30:00,0.0,Bathroom,54.0,16.0,22.99
2017-06-03 00:10:00,36.165,Bathroom,90.5,16.0,24.25
2017-06-03 10:00:00,129.09,Bathroom,56.0,20.0,22.83
2017-06-03 13:00:00,0.0,Bathroom,57.0,16.0,22.99
2017-06-03 17:00:00,0.0,Bathroom,58.0,20.0,22.99
2017-06-03 21:30:00,0.0,Bathroom,58.0,16.0,22.83
2017-06-04 02:00:00,0.0,Bathroom,61.0,16.0,22.83
2017-06-04 10:00:00,0.0,Bathroom,60.0,20.0,22.68
2017-06-04 13:00:00,0.0,Bathroom,60.0,16.0,22.52
2017-06-04 17:00:00,0.0,Bathroom,55.0,20.0,22.68
2017-06-04 21:30:00,0.0,Bathroom,54.0,16.0,22.52
2017-06-05 00:00:00,0.0,Bathroom,57.0,16.0,22.36
2017-06-05 06:10:00,0.0,Bathroom,55.0,20.0,22.2
2017-06-05 07:30:00,0.0,Bathroom,55.0,16.0,22.05
2017-06-05 17:30:00,22.89,Bathroom,62.0,20.0,21.73
2017-06-05 21:30:00,21.06,Bathroom,93.0,16.0,24.09
2017-03-09 13:20:00,134.59,Kitchen,50.0,16.0,17.8
2017-03-10 13:30:00,199.59,Kitchen,46.0,16.0,17.8
2017-03-11 13:30:00,347.91,Kitchen,43.0,21.0,17.48
2017-03-11 18:20:00,16.48,Kitchen,51.0,21.0,18.27
2017-03-12 13:30:00,324.11,Kitchen,43.0,21.0,17.01
2017-03-13 13:40:00,455.95,Kitchen,44.0,16.0,17.17
2017-03-14 13:40:00,292.06,Kitchen,44.0,16.0,17.17
2017-03-15 13:40:00,314.04,Kitchen,48.0,16.0,17.48
2017-03-16 13:50:00,447.705,Kitchen,45.0,16.0,17.64
2017-03-17 13:50:00,260.02,Kitchen,46.0,16.0,17.8
2017-03-18 14:00:00,119.02,Kitchen,47.0,16.0,17.64
2017-03-19 14:00:00,72.33,Kitchen,50.0,21.0,16.38
2017-03-20 14:00:00,231.18,Kitchen,49.0,16.0,17.32
2017-03-20 14:40:00,290.23,Kitchen,48.0,21.0,17.32
2017-03-22 14:10:00,129.09,Kitchen,47.0,16.0,17.64
2017-03-23 07:30:00,58.6,Kitchen,49.0,16.0,19.06
2017-03-23 14:10:00,261.39,Kitchen,49.0,16.0,18.11
2017-03-24 07:20:00,40.28,Kitchen,55.0,18.5,19.37
2017-03-24 07:30:00,52.19,Kitchen,53.0,16.0,19.21
2017-03-24 14:20:00,256.36,Kitchen,53.0,21.0,18.74
2017-03-24 21:30:00,0.0,Kitchen,51.0,18.5,19.21
2017-03-24 23:00:00,0.0,Kitchen,50.0,16.0,19.37
2017-03-25 12:50:00,596.94,Kitchen,38.0,21.0,17.32
2017-03-25 13:00:00,236.21,Kitchen,39.0,16.0,17.48
2017-03-25 14:50:00,460.52,Kitchen,40.0,21.0,17.8
2017-03-25 20:50:00,0.0,Kitchen,50.0,16.0,19.21
2017-03-26 01:40:00,0.0,Kitchen,48.0,16.0,17.8
2017-03-26 06:40:00,49.44,Kitchen,48.0,21.0,17.95
2017-03-27 22:20:00,0.0,Kitchen,45.0,16.0,19.21
2017-03-28 00:00:00,0.0,Kitchen,46.0,21.0,18.43
2017-03-28 01:10:00,0.0,Kitchen,46.0,16.0,18.27
2017-03-28 04:00:00,0.0,Kitchen,46.0,21.0,17.8
2017-03-28 07:30:00,30.21,Kitchen,45.0,16.0,18.74
2017-03-28 15:20:00,370.345,Kitchen,46.0,21.0,17.8
2017-03-28 19:00:00,52.19,Kitchen,49.0,16.0,19.21
2017-03-28 23:10:00,0.0,Kitchen,49.0,16.0,18.11
2017-03-29 20:40:00,0.0,Kitchen,54.0,21.0,18.58
2017-03-29 21:20:00,0.0,Kitchen,53.0,18.5,19.06
2017-03-29 21:30:00,0.0,Kitchen,52.0,16.0,19.21
2017-03-30 02:30:00,0.0,Kitchen,52.0,16.0,17.95
2017-03-30 04:00:00,0.0,Kitchen,52.0,21.0,17.8
2017-03-30 07:30:00,0.0,Kitchen,50.0,16.0,19.21
2017-03-30 16:00:00,399.18,Kitchen,48.0,21.0,18.74
2017-03-30 21:30:00,0.0,Kitchen,53.0,16.0,19.84
2017-03-31 00:00:00,16.48,Kitchen,52.5,16.0,19.21
2017-03-31 04:40:00,0.0,Kitchen,52.0,21.0,18.58
2017-03-31 07:30:00,47.61,Kitchen,51.0,16.0,19.69
2017-03-31 16:20:00,334.18,Kitchen,53.0,21.0,19.06
2017-03-31 21:30:00,0.0,Kitchen,53.0,16.0,19.69
2017-04-01 00:40:00,0.0,Kitchen,53.0,16.0,18.9
2017-04-01 07:50:00,0.0,Kitchen,53.0,21.0,18.43
2017-04-01 09:00:00,131.84,Kitchen,54.0,16.0,18.74
2017-04-03 01:30:00,0.0,Kitchen,56.0,16.0,18.58
2017-04-04 00:50:00,0.0,Kitchen,56.0,16.0,18.11
2017-04-04 07:00:00,12.82,Kitchen,55.0,21.0,17.8
2017-04-06 02:30:00,0.0,Kitchen,51.0,21.0,18.43
2017-04-08 03:00:00,0.0,Kitchen,48.0,21.0,18.27
2017-04-10 02:30:00,0.0,Kitchen,56.0,21.0,18.03
2017-04-12 21:30:00,0.0,Kitchen,51.0,16.0,19.21
2017-04-13 01:00:00,0.0,Kitchen,53.0,16.0,18.11
2017-04-13 04:00:00,0.0,Kitchen,52.0,21.0,17.8
2017-04-13 07:30:00,21.06,Kitchen,52.0,16.0,19.37
2017-04-13 15:30:00,239.88,Kitchen,52.0,21.0,18.27
2017-04-13 21:30:00,0.0,Kitchen,51.0,16.0,19.53
2017-04-14 02:30:00,0.0,Kitchen,52.0,16.0,18.43
2017-04-14 04:10:00,0.0,Kitchen,51.0,21.0,18.27
2017-04-14 07:30:00,0.0,Kitchen,51.0,16.0,17.95
2017-04-14 15:20:00,286.57,Kitchen,44.0,21.0,17.95
2017-04-14 21:30:00,0.0,Kitchen,48.0,16.0,19.06
2017-04-15 02:50:00,0.0,Kitchen,49.0,16.0,17.95
2017-04-15 07:50:00,0.0,Kitchen,49.0,21.0,17.48
2017-04-15 13:00:00,341.5,Kitchen,48.0,16.0,19.84
2017-04-15 15:30:00,139.16,Kitchen,48.0,21.0,18.58
2017-04-15 21:30:00,0.0,Kitchen,51.0,16.0,17.95
2017-04-16 03:00:00,0.0,Kitchen,50.0,16.0,17.48
2017-04-16 07:10:00,58.6,Kitchen,49.0,21.0,17.17
2017-04-16 13:00:00,276.5,Kitchen,49.0,16.0,17.17
2017-04-16 14:10:00,188.6,Kitchen,49.0,21.0,17.17
2017-04-17 02:00:00,0.0,Kitchen,50.0,16.0,16.38
2017-04-17 02:40:00,0.0,Kitchen,49.0,21.0,16.38
2017-04-17 20:20:00,0.0,Kitchen,54.0,16.0,18.27
2017-04-17 23:10:00,0.0,Kitchen,53.0,16.0,16.85
2017-04-18 10:10:00,156.56,Kitchen,50.0,21.0,16.85
2017-04-18 23:20:00,0.0,Kitchen,49.0,16.0,19.21
2017-04-19 00:00:00,0.0,Kitchen,49.0,21.0,18.58
2017-04-19 07:20:00,62.715,Kitchen,46.0,21.0,19.29
2017-04-19 14:20:00,256.36,Kitchen,47.0,21.0,17.48
2017-04-19 21:50:00,0.0,Kitchen,48.0,16.0,18.9
2017-04-20 01:10:00,0.0,Kitchen,49.0,16.0,17.64
2017-04-20 07:20:00,52.19,Kitchen,46.0,21.0,18.58
2017-04-21 07:30:00,0.0,Kitchen,44.0,16.0,18.9
2017-04-21 10:10:00,200.51,Kitchen,46.0,21.0,17.64
2017-04-21 12:30:00,346.08,Kitchen,31.0,16.0,20.0
2017-04-21 15:20:00,315.87,Kitchen,40.0,21.0,18.11
2017-04-21 21:30:00,14.65,Kitchen,48.0,16.0,19.37
2017-04-21 22:40:00,0.92,Kitchen,51.0,21.0,19.06
2017-04-22 23:00:00,0.0,Kitchen,50.0,16.0,20.0
2017-04-23 07:50:00,87.89,Kitchen,48.0,21.0,18.43
2017-04-25 23:20:00,0.0,Kitchen,48.0,21.0,18.659999999999997
2017-04-30 01:00:00,0.0,Kitchen,51.0,16.0,19.450000000000003
2017-04-30 07:50:00,90.64,Kitchen,51.0,21.0,18.27
2017-04-30 13:00:00,296.64,Kitchen,51.0,16.0,18.27
2017-04-30 14:50:00,343.33,Kitchen,50.0,21.0,18.27
2017-04-30 21:30:00,0.0,Kitchen,51.0,16.0,19.53
2017-05-01 00:20:00,0.0,Kitchen,51.0,16.0,18.58
2017-05-01 04:00:00,0.0,Kitchen,51.0,21.0,18.11
2017-05-01 07:30:00,0.0,Kitchen,49.0,16.0,19.37
2017-05-01 15:40:00,233.47,Kitchen,50.0,21.0,18.43
2017-05-01 21:30:00,0.0,Kitchen,50.0,16.0,19.21
2017-05-02 01:30:00,0.0,Kitchen,51.0,16.0,18.27
2017-05-02 04:00:00,0.0,Kitchen,51.0,21.0,17.95
2017-05-02 07:30:00,10.99,Kitchen,51.0,16.0,19.37
2017-05-02 15:20:00,198.68,Kitchen,51.0,21.0,17.95
2017-05-02 21:30:00,0.0,Kitchen,53.0,16.0,19.37
2017-05-03 04:00:00,0.0,Kitchen,53.0,21.0,17.95
2017-05-03 07:30:00,24.72,Kitchen,56.0,16.0,19.37
2017-05-03 15:20:00,164.8,Kitchen,53.0,21.0,18.11
2017-05-03 21:30:00,0.0,Kitchen,59.0,16.0,19.37
2017-05-04 01:20:00,0.0,Kitchen,58.0,16.0,18.43
2017-05-04 04:00:00,0.0,Kitchen,57.0,21.0,18.11
2017-05-04 07:30:00,117.19,Kitchen,55.0,16.0,19.21
2017-05-04 15:30:00,102.54,Kitchen,55.0,21.0,18.43
2017-05-04 21:30:00,0.0,Kitchen,58.0,16.0,19.69
2017-05-05 03:00:00,0.0,Kitchen,56.0,16.0,18.43
2017-05-05 04:00:00,0.0,Kitchen,56.0,21.0,18.43
2017-05-05 07:30:00,32.96,Kitchen,56.0,16.0,19.37
2017-05-05 16:00:00,307.17,Kitchen,54.0,21.0,18.58
2017-05-05 21:30:00,0.0,Kitchen,56.0,16.0,19.21
2017-05-06 00:30:00,0.0,Kitchen,57.0,16.0,18.58
2017-05-06 07:50:00,103.46,Kitchen,55.0,21.0,18.11
2017-05-06 13:00:00,292.06,Kitchen,49.0,16.0,18.27
2017-05-06 14:50:00,339.67,Kitchen,46.0,21.0,18.43
2017-05-06 21:30:00,0.0,Kitchen,51.0,16.0,18.58
2017-05-07 01:30:00,0.0,Kitchen,52.0,16.0,18.27
2017-05-07 07:50:00,0.0,Kitchen,54.0,21.0,17.95
2017-05-07 13:00:00,57.68,Kitchen,59.0,16.0,18.43
2017-05-07 15:30:00,343.33,Kitchen,59.0,21.0,18.74
2017-05-07 21:30:00,0.0,Kitchen,61.0,16.0,18.74
2017-05-08 04:00:00,0.0,Kitchen,59.0,21.0,18.27
2017-05-08 07:30:00,44.86,Kitchen,60.0,16.0,18.27
2017-05-08 15:20:00,171.21,Kitchen,58.0,21.0,18.27
2017-05-08 21:30:00,0.0,Kitchen,57.0,16.0,17.8
2017-05-09 01:50:00,0.0,Kitchen,56.0,16.0,17.64
2017-05-09 03:30:00,0.0,Kitchen,55.0,21.0,17.48
2017-05-09 07:20:00,117.19,Kitchen,51.0,18.5,17.17
2017-05-09 07:30:00,123.6,Kitchen,52.0,16.0,17.17
2017-05-09 14:40:00,227.97,Kitchen,52.0,21.0,17.48
2017-05-09 21:30:00,14.65,Kitchen,54.0,18.5,18.27
2017-05-10 23:20:00,0.0,Kitchen,52.0,21.0,17.01
2017-05-11 23:30:00,0.0,Kitchen,53.0,16.0,17.48
2017-05-12 00:00:00,0.0,Kitchen,53.0,21.0,17.48
2017-05-12 07:20:00,42.12,Kitchen,56.0,21.0,17.48
2017-05-12 07:30:00,34.79,Kitchen,56.0,16.0,17.48
2017-05-12 16:20:00,259.105,Kitchen,58.0,21.0,18.43
2017-05-12 21:30:00,0.0,Kitchen,64.0,16.0,19.21
2017-05-13 01:20:00,0.0,Kitchen,62.0,16.0,18.43
2017-05-13 07:50:00,0.92,Kitchen,60.0,21.0,18.11
2017-05-13 13:00:00,346.08,Kitchen,61.0,16.0,18.58
2017-05-13 14:50:00,34.79,Kitchen,63.0,21.0,18.43
2017-05-13 21:30:00,0.0,Kitchen,62.0,16.0,18.43
2017-05-14 03:00:00,0.0,Kitchen,62.0,16.0,18.43
2017-05-14 07:50:00,3.66,Kitchen,61.0,21.0,18.27
2017-05-14 13:00:00,383.62,Kitchen,65.0,16.0,18.74
2017-05-14 15:30:00,25.64,Kitchen,63.0,21.0,18.74
2017-05-14 21:30:00,0.0,Kitchen,67.0,16.0,19.21
2017-05-15 02:10:00,0.0,Kitchen,64.0,16.0,18.58
2017-05-15 04:00:00,0.0,Kitchen,64.0,21.0,18.43
2017-05-15 07:30:00,123.6,Kitchen,64.0,16.0,18.58
2017-05-15 16:20:00,310.37,Kitchen,62.0,21.0,18.9
2017-05-15 21:30:00,0.0,Kitchen,62.0,16.0,18.58
2017-05-16 02:40:00,0.0,Kitchen,61.0,16.0,18.43
2017-05-16 04:00:00,0.0,Kitchen,61.0,21.0,18.43
2017-05-16 07:30:00,107.12,Kitchen,60.0,16.0,18.43
2017-05-16 16:20:00,296.64,Kitchen,60.0,21.0,18.74
2017-05-16 21:30:00,0.0,Kitchen,61.0,16.0,18.58
2017-05-16 23:10:00,0.0,Kitchen,61.0,16.0,18.58
2017-05-17 04:40:00,0.0,Kitchen,60.0,21.0,18.58
2017-05-17 07:30:00,100.71,Kitchen,60.0,16.0,18.58
2017-05-17 16:20:00,298.47,Kitchen,60.0,21.0,19.21
2017-05-17 21:30:00,14.65,Kitchen,60.0,16.0,19.21
2017-05-18 02:10:00,0.0,Kitchen,61.0,16.0,19.21
2017-05-18 04:40:00,0.0,Kitchen,61.0,21.0,19.21
2017-05-18 07:30:00,3.66,Kitchen,61.0,16.0,19.21
2017-05-18 16:20:00,293.89,Kitchen,61.0,21.0,19.84
2017-05-18 21:30:00,0.0,Kitchen,64.0,16.0,20.0
2017-05-19 01:30:00,0.0,Kitchen,64.0,16.0,20.0
2017-05-19 05:20:00,0.0,Kitchen,63.0,21.0,20.0
2017-05-19 07:30:00,131.84,Kitchen,64.0,16.0,20.16
2017-05-19 17:30:00,56.76,Kitchen,65.0,21.0,20.79
2017-05-19 21:30:00,0.0,Kitchen,64.0,16.0,20.79
2017-05-20 02:50:00,0.0,Kitchen,63.0,16.0,20.31
2017-05-20 10:00:00,211.49,Kitchen,61.0,21.0,20.16
2017-05-20 13:00:00,226.14,Kitchen,60.0,16.0,20.31
2017-05-20 17:00:00,162.05,Kitchen,58.0,21.0,20.31
2017-05-20 21:20:00,0.0,Kitchen,58.0,21.0,20.0
2017-05-20 21:30:00,0.0,Kitchen,58.0,16.0,20.0
2017-05-20 23:20:00,0.0,Kitchen,55.0,16.0,19.84
2017-05-21 08:30:00,0.0,Kitchen,58.0,21.0,19.21
2017-05-21 09:20:00,181.28,Kitchen,51.0,17.666666666666668,17.95
2017-05-21 09:30:00,202.34,Kitchen,53.0,21.0,17.17
2017-05-21 13:00:00,440.38,Kitchen,50.0,16.0,19.21
2017-05-21 15:30:00,367.14,Kitchen,51.0,21.0,19.37
2017-05-21 21:30:00,0.0,Kitchen,53.0,16.0,19.53
2017-05-22 00:50:00,0.0,Kitchen,54.0,16.0,19.21
2017-05-22 04:40:00,0.0,Kitchen,54.0,21.0,19.06
2017-05-22 07:30:00,162.05,Kitchen,55.0,16.0,19.21
2017-05-22 16:00:00,139.16,Kitchen,56.0,21.0,19.37
2017-05-22 21:30:00,14.65,Kitchen,58.0,16.0,19.37
2017-05-22 23:40:00,0.0,Kitchen,58.0,16.0,19.21
2017-05-23 04:40:00,0.0,Kitchen,58.0,21.0,19.06
2017-05-23 07:30:00,140.07999999999998,Kitchen,59.0,16.0,19.21
2017-05-23 16:20:00,248.12,Kitchen,57.0,21.0,19.69
2017-05-23 21:30:00,0.0,Kitchen,58.0,16.0,19.69
2017-05-24 01:50:00,0.0,Kitchen,62.0,16.0,19.53
2017-05-24 07:30:00,117.19,Kitchen,60.0,16.0,19.84
2017-05-24 16:40:00,109.86500000000001,Kitchen,54.0,21.0,19.84
2017-05-24 21:30:00,0.0,Kitchen,56.0,16.0,19.53
2017-05-24 23:00:00,0.0,Kitchen,57.0,16.0,19.53
2017-05-25 04:40:00,0.0,Kitchen,58.0,21.0,19.37
2017-05-25 07:30:00,0.0,Kitchen,58.0,16.0,19.21
2017-05-25 16:20:00,219.73,Kitchen,57.0,21.0,19.69
2017-05-25 21:30:00,0.0,Kitchen,51.0,16.0,19.37
2017-05-26 04:40:00,0.0,Kitchen,55.0,21.0,19.21
2017-05-26 07:30:00,0.0,Kitchen,55.0,16.0,19.06
2017-05-26 21:30:00,0.0,Kitchen,57.0,16.0,19.84
2017-05-27 00:50:00,0.0,Kitchen,58.0,16.0,19.69
2017-05-27 09:10:00,141.91,Kitchen,57.0,21.0,19.69
2017-05-27 13:00:00,284.74,Kitchen,57.0,16.0,19.84
2017-05-27 15:50:00,296.64,Kitchen,58.0,21.0,20.0
2017-05-27 21:30:00,0.0,Kitchen,57.0,16.0,20.16
2017-05-28 09:20:00,0.0,Kitchen,59.0,21.0,20.0
2017-05-28 13:00:00,422.99,Kitchen,53.0,16.0,20.94
2017-05-28 21:30:00,0.0,Kitchen,57.0,16.0,20.94
2017-05-29 07:30:00,143.74,Kitchen,58.0,16.0,20.94
2017-05-29 21:30:00,0.0,Kitchen,62.0,16.0,21.89
2017-05-30 01:50:00,0.0,Kitchen,63.0,16.0,22.05
2017-05-30 06:10:00,0.0,Kitchen,63.0,21.0,21.89
2017-05-30 07:30:00,175.79,Kitchen,66.0,16.0,22.05
2017-05-30 17:30:00,280.16,Kitchen,63.0,21.0,22.83
2017-05-30 21:30:00,0.0,Kitchen,62.0,16.0,22.52
2017-05-30 23:20:00,0.0,Kitchen,65.0,16.0,22.68
2017-05-31 06:10:00,0.0,Kitchen,66.0,21.0,22.52
2017-05-31 07:30:00,0.0,Kitchen,66.0,16.0,22.52
2017-05-31 17:30:00,251.78,Kitchen,59.0,21.0,22.83
2017-06-01 00:30:00,0.0,Kitchen,60.0,16.0,22.52
2017-06-01 06:10:00,54.93,Kitchen,59.0,21.0,22.36
2017-06-01 07:30:00,106.2,Kitchen,59.0,16.0,22.36
2017-06-01 17:30:00,281.99,Kitchen,52.0,21.0,22.83
2017-06-01 21:30:00,0.0,Kitchen,54.0,16.0,22.68
2017-06-01 23:50:00,0.0,Kitchen,54.333333333333336,16.0,22.52
2017-06-02 06:10:00,0.0,Kitchen,56.0,21.0,22.36
2017-06-02 07:30:00,93.39,Kitchen,53.0,16.0,22.2
2017-06-02 17:30:00,216.07,Kitchen,55.0,21.0,22.83
2017-06-02 21:30:00,0.0,Kitchen,55.0,16.0,23.94
2017-06-03 00:10:00,0.0,Kitchen,57.0,16.0,23.15
2017-06-03 10:00:00,206.92,Kitchen,56.0,21.0,22.83
2017-06-03 13:00:00,233.47,Kitchen,58.0,16.0,22.99
2017-06-03 17:00:00,296.64,Kitchen,59.0,21.0,22.99
2017-06-03 21:30:00,0.0,Kitchen,59.0,16.0,22.83
2017-06-04 02:00:00,0.0,Kitchen,60.0,16.0,22.68
2017-06-04 10:00:00,100.71,Kitchen,60.0,21.0,22.52
2017-06-04 13:00:00,136.42,Kitchen,60.0,16.0,22.68
2017-06-04 17:00:00,219.73,Kitchen,58.0,21.0,22.68
2017-06-04 21:30:00,0.0,Kitchen,58.0,16.0,22.36
2017-06-05 00:00:00,0.0,Kitchen,58.0,16.0,22.2
2017-06-05 06:10:00,39.825,Kitchen,58.0,21.0,21.89
2017-06-05 07:30:00,112.61,Kitchen,58.0,16.0,21.89
2017-06-05 17:30:00,69.58,Kitchen,60.0,21.0,21.42
2017-03-09 13:20:00,28.38,Room1,45.0,16.0,19.21
2017-03-10 13:30:00,131.385,Room1,42.0,16.0,19.450000000000003
2017-03-10 21:30:00,0.92,Room1,33.0,18.0,19.21
2017-03-13 13:40:00,648.21,Room1,40.0,16.0,20.47
2017-03-14 13:40:00,118.11,Room1,42.0,16.0,19.21
2017-03-15 13:40:00,171.21,Room1,44.0,16.0,19.21
2017-03-16 13:50:00,537.4300000000001,Room1,43.0,16.0,20.79
2017-03-17 13:50:00,130.92,Room1,44.0,16.0,19.69
2017-03-17 21:30:00,0.92,Room1,46.0,18.0,20.0
2017-03-18 14:00:00,22.89,Room1,45.0,16.0,18.74
2017-03-19 08:10:00,7.32,Room1,51.0,20.0,17.32
2017-03-19 14:00:00,18.31,Room1,48.0,16.0,17.64
2017-03-20 14:00:00,65.0,Room1,48.0,16.0,18.58
2017-03-22 14:10:00,25.64,Room1,45.0,16.0,18.74
2017-03-23 14:10:00,94.3,Room1,46.0,16.0,18.74
2017-03-24 14:20:00,149.23499999999999,Room1,48.0,16.0,18.9
2017-03-24 15:20:00,43.03,Room1,48.0,20.0,18.9
2017-03-24 21:30:00,0.0,Room1,46.0,19.0,20.16
2017-03-24 23:00:00,29.3,Room1,46.0,18.0,20.16
2017-03-25 08:50:00,0.0,Room1,53.0,20.0,18.9
2017-03-25 13:00:00,675.68,Room1,39.0,16.0,19.69
2017-03-25 15:40:00,389.11,Room1,42.0,20.0,19.69
2017-03-25 20:50:00,0.0,Room1,44.0,16.0,20.16
2017-03-25 21:40:00,6.41,Room1,44.0,18.0,19.84
2017-03-26 01:40:00,0.0,Room1,48.0,18.0,19.53
2017-03-26 06:40:00,9.16,Room1,34.0,20.0,17.95
2017-03-26 06:50:00,10.99,Room1,37.0,18.0,18.11
2017-03-28 01:10:00,0.0,Room1,46.0,18.0,19.37
2017-03-28 06:10:00,1.83,Room1,51.0,20.0,19.21
2017-03-28 17:30:00,69.58,Room1,45.0,20.0,19.84
2017-03-28 19:00:00,12.82,Room1,45.0,16.0,19.37
2017-03-28 23:20:00,0.0,Room1,45.0,16.0,19.21
2017-03-29 20:40:00,0.0,Room1,47.0,20.0,18.9
2017-03-29 21:30:00,0.0,Room1,45.0,18.0,20.16
2017-03-30 02:30:00,0.0,Room1,50.0,18.0,19.37
2017-03-30 06:10:00,0.0,Room1,51.0,20.0,19.21
2017-03-30 07:30:00,0.0,Room1,49.0,16.0,20.31
2017-03-30 17:30:00,75.08,Room1,43.0,20.0,20.16
2017-03-30 21:30:00,6.41,Room1,48.0,18.0,19.69
2017-03-31 00:00:00,0.0,Room1,50.0,18.0,19.84
2017-03-31 06:10:00,0.0,Room1,50.0,20.0,19.37
2017-03-31 07:30:00,10.99,Room1,49.0,16.0,20.63
2017-03-31 17:30:00,75.08,Room1,49.0,20.0,20.47
2017-03-31 21:30:00,0.0,Room1,49.0,18.0,19.84
2017-04-01 00:40:00,0.0,Room1,51.0,18.0,20.0
2017-04-01 09:10:00,38.45,Room1,46.0,16.0,19.37
2017-04-03 01:30:00,0.0,Room1,57.0,16.0,19.37
2017-04-04 00:50:00,0.0,Room1,53.0,16.0,19.21
2017-04-04 07:00:00,2.75,Room1,44.0,20.0,17.64
2017-04-12 21:30:00,0.0,Room1,41.0,18.0,20.39
2017-04-13 01:00:00,0.0,Room1,46.0,18.0,19.69
2017-04-13 06:10:00,0.0,Room1,50.0,20.0,19.53
2017-04-13 07:30:00,3.66,Room1,45.0,16.0,19.69
2017-04-13 16:20:00,21.97,Room1,46.0,20.0,18.9
2017-04-13 21:30:00,16.48,Room1,46.0,18.0,20.31
2017-04-14 02:30:00,0.0,Room1,48.0,18.0,19.53
2017-04-14 06:10:00,0.0,Room1,49.0,20.0,19.37
2017-04-14 07:30:00,0.0,Room1,49.0,16.0,19.21
2017-04-14 17:30:00,37.54,Room1,41.0,20.0,19.06
2017-04-14 21:30:00,4.58,Room1,38.0,18.0,20.31
2017-04-15 02:50:00,0.0,Room1,45.0,18.0,19.37
2017-04-15 07:50:00,0.0,Room1,46.0,20.0,18.9
2017-04-15 13:00:00,138.25,Room1,42.0,16.0,20.79
2017-04-15 15:00:00,96.13,Room1,40.0,20.0,18.9
2017-04-15 21:30:00,0.0,Room1,43.0,18.0,18.74
2017-04-16 03:00:00,0.0,Room1,43.0,18.0,18.43
2017-04-16 08:30:00,0.0,Room1,43.0,20.0,18.11
2017-04-16 13:00:00,0.0,Room1,43.0,16.0,17.95
2017-04-16 15:30:00,0.0,Room1,43.0,20.0,17.8
2017-04-16 21:30:00,0.0,Room1,43.0,18.0,17.64
2017-04-17 02:00:00,0.0,Room1,43.0,18.0,17.48
2017-04-17 04:00:00,0.0,Room1,43.0,20.0,17.32
2017-04-17 07:30:00,0.0,Room1,42.0,16.0,18.27
2017-04-17 15:20:00,0.0,Room1,43.0,20.0,17.17
2017-04-17 20:20:00,15.56,Room1,42.0,18.0,19.21
2017-04-17 22:00:00,1.83,Room1,47.0,21.0,18.58
2017-04-17 23:10:00,0.0,Room1,49.0,18.0,18.43
2017-04-18 10:10:00,35.71,Room1,47.0,20.0,17.64
2017-04-18 23:20:00,6.41,Room1,44.0,18.0,19.84
2017-04-19 05:20:00,0.0,Room1,48.0,20.0,18.9
2017-04-19 07:30:00,0.0,Room1,46.0,16.0,20.16
2017-04-19 14:20:00,58.6,Room1,30.0,20.0,17.17
2017-04-19 21:50:00,6.41,Room1,41.0,18.0,20.47
2017-04-20 01:10:00,0.0,Room1,45.0,18.0,19.37
2017-04-20 06:20:00,1.83,Room1,47.0,20.0,18.58
2017-04-20 07:30:00,15.565,Room1,34.5,18.0,18.505
2017-04-21 07:30:00,0.0,Room1,45.0,16.0,20.63
2017-04-21 10:10:00,0.92,Room1,45.0,20.0,19.37
2017-04-21 12:30:00,247.2,Room1,35.0,16.0,21.73
2017-04-21 17:30:00,88.81,Room1,38.0,20.0,19.84
2017-04-21 21:30:00,0.0,Room1,37.0,18.0,20.63
2017-04-21 22:40:00,0.0,Room1,38.0,20.0,20.0
2017-04-22 23:00:00,1.83,Room1,41.0,18.0,20.16
2017-04-23 08:20:00,0.0,Room1,50.0,20.0,18.9
2017-04-30 00:40:00,6.41,Room1,43.0,18.0,20.16
2017-04-30 01:00:00,6.41,Room1,43.0,18.0,20.0
2017-04-30 07:50:00,20.14,Room1,43.0,20.0,18.9
2017-04-30 13:00:00,216.07,Room1,36.0,16.0,19.06
2017-04-30 17:00:00,40.28,Room1,42.0,20.0,19.37
2017-04-30 21:30:00,0.0,Room1,43.0,18.0,19.53
2017-05-01 00:30:00,0.0,Room1,47.0,18.0,19.69
2017-05-01 06:10:00,0.0,Room1,50.0,20.0,19.37
2017-05-01 07:30:00,0.0,Room1,50.0,16.0,20.63
2017-05-01 17:30:00,31.13,Room1,46.0,20.0,19.21
2017-05-01 21:30:00,6.41,Room1,45.0,18.0,20.47
2017-05-02 01:30:00,0.0,Room1,50.0,18.0,20.0
2017-05-02 06:10:00,2.75,Room1,52.0,20.0,19.53
2017-05-02 07:30:00,2.75,Room1,44.0,16.0,20.16
2017-05-02 15:10:00,43.95,Room1,47.0,20.0,18.74
2017-05-02 21:30:00,2.75,Room1,47.0,18.0,19.53
2017-05-03 06:10:00,2.75,Room1,53.0,20.0,19.37
2017-05-03 07:30:00,6.41,Room1,48.0,16.0,20.31
2017-05-03 15:00:00,60.43,Room1,48.0,20.0,18.9
2017-05-04 01:20:00,0.0,Room1,54.0,18.0,19.69
2017-05-04 06:10:00,0.0,Room1,57.0,20.0,19.37
2017-05-04 07:30:00,0.0,Room1,51.0,16.0,20.47
2017-05-04 17:30:00,57.68,Room1,51.0,20.0,19.06
2017-05-04 21:30:00,0.0,Room1,50.0,18.0,20.16
2017-05-05 03:00:00,0.0,Room1,55.0,18.0,19.84
2017-05-05 06:10:00,6.41,Room1,56.0,20.0,19.53
2017-05-05 07:20:00,10.99,Room1,52.0,20.0,19.21
2017-05-05 07:30:00,7.32,Room1,52.0,16.0,19.37
2017-05-05 17:30:00,89.72,Room1,51.0,20.0,19.21
2017-05-05 21:30:00,0.0,Room1,50.0,18.0,20.16
2017-05-06 00:30:00,0.0,Room1,51.0,18.0,19.450000000000003
2017-05-06 09:50:00,0.0,Room1,55.0,20.0,18.9
2017-05-06 13:00:00,216.07,Room1,45.0,16.0,19.53
2017-05-06 17:00:00,118.11,Room1,42.0,20.0,19.53
2017-05-06 21:30:00,0.0,Room1,47.0,18.0,19.06
2017-05-07 01:30:00,0.0,Room1,48.0,18.0,18.9
2017-05-07 10:00:00,0.0,Room1,58.0,20.0,19.21
2017-05-07 13:00:00,38.45,Room1,55.0,16.0,19.06
2017-05-07 14:20:00,53.1,Room1,54.0,20.0,18.9
2017-05-07 21:30:00,0.0,Room1,56.0,18.0,18.74
2017-05-08 06:10:00,1.83,Room1,64.0,20.0,19.21
2017-05-08 07:20:00,6.41,Room1,60.0,18.0,18.74
2017-05-08 07:30:00,7.32,Room1,60.0,16.0,18.74
2017-05-08 15:00:00,109.87,Room1,56.0,20.0,18.74
2017-05-08 21:30:00,0.0,Room1,55.0,18.0,18.74
2017-05-09 01:50:00,0.0,Room1,55.0,18.0,18.58
2017-05-09 04:00:00,0.0,Room1,56.0,20.0,18.58
2017-05-09 07:30:00,24.72,Room1,50.0,16.0,18.11
2017-05-09 15:10:00,247.2,Room1,52.0,20.0,18.27
2017-05-09 21:30:00,0.0,Room1,55.0,19.0,18.43
2017-05-11 23:30:00,5.49,Room1,52.0,18.0,18.74
2017-05-12 00:00:00,0.0,Room1,53.0,20.0,18.58
2017-05-12 07:20:00,9.16,Room1,60.0,18.0,18.27
2017-05-12 07:30:00,6.41,Room1,60.0,16.0,18.27
2017-05-12 16:20:00,116.28,Room1,57.0,20.0,18.9
2017-05-12 21:30:00,0.0,Room1,55.0,18.0,18.58
2017-05-13 01:20:00,0.0,Room1,56.0,18.0,18.74
2017-05-13 07:40:00,0.0,Room1,60.0,20.0,18.74
2017-05-13 13:00:00,130.92,Room1,57.0,16.0,18.74
2017-05-13 14:50:00,6.41,Room1,58.0,20.0,18.9
2017-05-13 21:30:00,0.0,Room1,58.0,18.0,18.74
2017-05-14 03:00:00,0.0,Room1,59.0,18.0,18.9
2017-05-14 07:30:00,0.0,Room1,61.0,20.0,18.9
2017-05-14 13:00:00,162.97,Room1,60.0,16.0,19.37
2017-05-14 17:00:00,68.67,Room1,59.0,20.0,19.21
2017-05-14 21:30:00,0.0,Room1,60.0,18.0,19.21
2017-05-15 02:10:00,0.0,Room1,61.5,18.0,19.21
2017-05-15 06:10:00,10.07,Room1,59.0,20.0,18.74
2017-05-15 07:20:00,0.0,Room1,59.0,20.0,18.74
2017-05-15 07:30:00,0.0,Room1,59.0,16.0,18.74
2017-05-15 16:20:00,0.0,Room1,58.0,20.0,18.9
2017-05-15 21:30:00,0.0,Room1,58.0,18.0,18.74
2017-05-16 02:40:00,0.0,Room1,57.0,18.0,18.74
2017-05-16 03:50:00,0.0,Room1,57.0,20.0,18.74
2017-05-16 07:30:00,0.0,Room1,56.0,16.0,18.58
2017-05-16 16:20:00,0.0,Room1,56.0,20.0,18.74
2017-05-16 21:30:00,0.0,Room1,57.0,18.0,18.9
2017-05-16 23:10:00,0.0,Room1,57.0,18.0,18.9
2017-05-17 03:50:00,0.0,Room1,57.0,20.0,18.9
2017-05-17 07:30:00,0.0,Room1,56.0,16.0,18.74
2017-05-17 17:30:00,0.0,Room1,56.0,20.0,19.21
2017-05-17 21:30:00,0.0,Room1,56.0,18.0,19.53
2017-05-18 02:10:00,0.0,Room1,59.5,18.0,19.53
2017-05-18 06:10:00,0.0,Room1,62.0,20.0,19.53
2017-05-18 07:30:00,4.58,Room1,62.0,16.0,19.69
2017-05-18 17:30:00,88.81,Room1,58.0,20.0,20.31
2017-05-18 21:30:00,0.0,Room1,60.0,18.0,20.16
2017-05-19 01:30:00,0.0,Room1,62.0,18.0,20.31
2017-05-19 06:10:00,0.0,Room1,66.0,20.0,20.63
2017-05-19 07:30:00,0.0,Room1,65.0,16.0,20.47
2017-05-19 17:30:00,12.82,Room1,60.0,20.0,21.57
2017-05-19 21:30:00,0.92,Room1,59.0,18.0,21.26
2017-05-20 02:50:00,0.0,Room1,65.0,18.0,21.42
2017-05-20 10:00:00,58.6,Room1,57.0,20.0,20.63
2017-05-20 13:00:00,78.74,Room1,54.0,16.0,20.63
2017-05-20 17:00:00,57.68,Room1,55.0,20.0,20.63
2017-05-20 21:30:00,0.0,Room1,56.0,18.0,20.31
2017-05-20 23:20:00,0.0,Room1,54.0,18.0,20.31
2017-05-21 10:00:00,80.57,Room1,48.0,20.0,19.37
2017-05-21 13:00:00,149.24,Room1,47.0,16.0,19.69
2017-05-21 17:00:00,72.33,Room1,50.0,20.0,19.84
2017-05-21 21:30:00,1.83,Room1,55.0,18.0,20.16
2017-05-22 00:50:00,0.0,Room1,61.0,18.0,20.31
2017-05-22 06:10:00,0.0,Room1,63.0,20.0,20.16
2017-05-22 07:30:00,28.38,Room1,54.0,16.0,19.69
2017-05-22 17:30:00,58.6,Room1,54.0,20.0,19.84
2017-05-22 21:30:00,2.75,Room1,54.0,18.0,20.16
2017-05-22 23:40:00,0.0,Room1,56.0,18.0,19.92
2017-05-23 06:10:00,0.0,Room1,60.0,20.0,19.84
2017-05-23 07:30:00,25.64,Room1,56.0,16.0,19.69
2017-05-23 17:30:00,71.41,Room1,55.0,20.0,20.16
2017-05-23 21:30:00,6.41,Room1,55.0,18.0,20.0
2017-05-24 01:50:00,0.0,Room1,61.0,18.0,20.31
2017-05-24 06:10:00,0.0,Room1,60.0,20.0,20.31
2017-05-24 07:30:00,27.47,Room1,56.0,16.0,20.31
2017-05-24 17:30:00,39.37,Room1,53.0,20.0,20.16
2017-05-24 21:30:00,0.0,Room1,54.0,18.0,20.0
2017-05-24 23:00:00,0.0,Room1,55.0,18.0,19.84
2017-05-25 06:10:00,0.0,Room1,58.0,20.0,19.84
2017-05-25 07:30:00,0.0,Room1,58.0,16.0,19.84
2017-05-25 17:30:00,46.69,Room1,55.0,20.0,20.16
2017-05-25 21:30:00,0.0,Room1,50.0,18.0,19.84
2017-05-26 06:10:00,0.0,Room1,57.0,20.0,19.84
2017-05-26 07:30:00,0.0,Room1,57.0,16.0,19.84
2017-05-26 17:30:00,0.0,Room1,54.0,20.0,20.0
2017-05-26 21:30:00,0.0,Room1,55.0,18.0,19.84
2017-05-27 00:50:00,0.0,Room1,55.0,18.0,19.84
2017-05-27 10:00:00,0.0,Room1,55.0,20.0,19.69
2017-05-27 13:00:00,0.0,Room1,57.0,16.0,20.16
2017-05-27 17:00:00,56.76,Room1,56.0,20.0,20.63
2017-05-27 21:30:00,0.0,Room1,55.0,18.0,20.47
2017-05-28 10:00:00,1.83,Room1,58.0,20.0,20.47
2017-05-28 13:00:00,0.92,Room1,53.0,16.0,20.63
2017-05-28 17:00:00,0.0,Room1,53.0,20.0,20.79
2017-05-28 21:30:00,0.0,Room1,54.0,18.0,20.79
2017-05-29 06:10:00,0.0,Room1,55.0,20.0,20.79
2017-05-29 07:30:00,0.0,Room1,55.0,16.0,20.79
2017-05-29 17:30:00,40.28,Room1,55.0,20.0,21.73
2017-05-29 21:30:00,0.0,Room1,57.0,18.0,21.73
2017-05-30 01:50:00,0.0,Room1,58.0,18.0,22.05
2017-05-30 07:30:00,26.55,Room1,62.0,16.0,22.05
2017-05-30 17:30:00,56.76,Room1,58.0,20.0,22.68
2017-05-30 21:30:00,0.0,Room1,59.0,18.0,22.99
2017-05-30 23:20:00,0.0,Room1,59.0,18.0,22.52
2017-05-31 06:10:00,0.0,Room1,61.0,20.0,22.68
2017-05-31 07:30:00,0.0,Room1,61.0,16.0,22.68
2017-05-31 17:30:00,0.0,Room1,58.0,20.0,22.83
2017-05-31 21:30:00,0.0,Room1,58.0,18.0,22.68
2017-06-01 00:30:00,0.0,Room1,58.0,18.0,22.68
2017-06-01 06:10:00,0.0,Room1,57.0,20.0,22.52
2017-06-01 07:30:00,0.0,Room1,57.0,16.0,22.52
2017-06-01 17:30:00,57.68,Room1,51.0,20.0,23.15
2017-06-01 21:30:00,0.0,Room1,54.0,18.0,22.83
2017-06-01 23:50:00,0.0,Room1,54.0,18.0,22.83
2017-06-02 06:10:00,0.0,Room1,57.0,20.0,22.83
2017-06-02 07:30:00,20.14,Room1,53.0,16.0,22.52
2017-06-02 17:30:00,51.27,Room1,54.0,20.0,23.15
2017-06-03 00:10:00,0.0,Room1,53.0,18.0,22.83
2017-06-03 10:00:00,54.02,Room1,54.0,20.0,22.83
2017-06-03 13:00:00,0.0,Room1,56.0,16.0,22.83
2017-06-03 17:00:00,0.0,Room1,55.0,20.0,22.83
2017-06-03 21:30:00,0.0,Room1,55.0,18.0,22.83
2017-06-04 02:00:00,0.0,Room1,56.0,18.0,22.83
2017-06-04 10:00:00,0.0,Room1,56.0,20.0,22.68
2017-06-04 13:00:00,0.0,Room1,56.0,16.0,22.68
2017-06-04 17:00:00,0.0,Room1,56.0,20.0,22.68
2017-06-04 21:30:00,0.0,Room1,55.0,18.0,22.52
2017-06-05 00:00:00,0.0,Room1,57.0,18.0,22.68
2017-06-05 06:10:00,0.0,Room1,65.0,20.0,22.68
2017-06-05 07:30:00,0.0,Room1,65.0,16.0,22.68
2017-06-05 17:30:00,16.48,Room1,58.0,20.0,22.05
2017-06-05 21:30:00,0.0,Room1,59.0,18.0,21.89
2017-03-09 13:20:00,27.47,Room2,44.0,16.0,17.32
2017-03-10 08:00:00,20.14,Room2,39.0,16.0,18.43
2017-03-10 13:30:00,114.44,Room2,43.0,16.0,17.95
2017-03-11 13:30:00,189.52,Room2,38.0,21.0,17.95
2017-03-12 13:30:00,183.57,Room2,39.0,21.0,17.95
2017-03-13 13:40:00,270.545,Room2,38.0,16.0,18.505
2017-03-14 13:40:00,96.13499999999999,Room2,40.0,16.0,17.32
2017-03-15 13:40:00,108.04,Room2,41.0,16.0,17.64
2017-03-16 13:50:00,287.94,Room2,40.0,16.0,18.74
2017-03-17 13:50:00,92.92999999999999,Room2,41.0,16.0,18.43
2017-03-18 14:00:00,21.97,Room2,44.0,16.0,17.64
2017-03-19 14:00:00,18.77,Room2,47.0,18.5,16.38
2017-03-20 14:00:00,71.41,Room2,46.0,16.0,17.17
2017-03-21 07:30:00,9.16,Room2,44.0,16.0,19.69
2017-03-22 14:10:00,21.06,Room2,45.0,16.0,17.48
2017-03-23 14:10:00,64.09,Room2,46.0,16.0,17.48
2017-03-24 14:20:00,54.93,Room2,50.0,16.0,18.11
2017-03-24 15:20:00,38.45,Room2,50.0,21.0,17.95
2017-03-24 21:30:00,13.73,Room2,49.0,19.5,19.84
2017-03-24 23:00:00,0.0,Room2,48.0,18.0,20.47
2017-03-25 07:50:00,0.0,Room2,47.0,21.0,17.8
2017-03-25 12:50:00,303.96,Room2,32.0,18.5,17.32
2017-03-25 13:00:00,303.96,Room2,33.0,16.0,17.64
2017-03-25 14:50:00,140.08,Room2,30.0,21.0,17.8
2017-03-25 20:50:00,15.56,Room2,42.0,18.5,20.0
2017-03-25 21:40:00,15.56,Room2,43.0,18.0,20.31
2017-03-26 01:40:00,0.0,Room2,44.0,18.0,18.27
2017-03-26 06:40:00,8.24,Room2,42.0,21.0,18.58
2017-03-27 22:20:00,0.0,Room2,42.0,18.0,20.0
2017-03-28 00:00:00,0.0,Room2,43.0,21.0,19.21
2017-03-28 01:10:00,0.0,Room2,43.0,18.0,18.9
2017-03-28 04:00:00,0.0,Room2,43.0,21.0,18.43
2017-03-28 07:30:00,7.32,Room2,40.0,16.0,20.16
2017-03-28 16:00:00,216.99,Room2,43.0,21.0,19.06
2017-03-28 19:00:00,26.55,Room2,43.0,16.0,20.31
2017-03-28 23:10:00,0.0,Room2,45.0,16.0,18.9
2017-03-29 20:40:00,16.48,Room2,48.0,21.0,18.74
2017-03-29 21:20:00,6.41,Room2,48.0,21.0,19.69
2017-03-29 21:30:00,4.58,Room2,47.0,20.0,20.0
2017-03-30 02:30:00,0.0,Room2,48.0,18.0,18.58
2017-03-30 04:00:00,0.0,Room2,48.0,21.0,18.43
2017-03-30 07:30:00,4.58,Room2,46.0,16.0,20.0
2017-03-30 15:10:00,211.49,Room2,46.0,21.0,19.69
2017-03-30 21:30:00,0.0,Room2,49.0,18.0,20.31
2017-03-31 00:00:00,0.0,Room2,49.0,18.0,19.37
2017-03-31 04:40:00,0.0,Room2,49.0,21.0,19.06
2017-03-31 07:30:00,9.16,Room2,47.0,16.0,20.63
2017-03-31 16:20:00,75.08,Room2,49.0,21.0,19.84
2017-03-31 21:30:00,3.66,Room2,48.0,18.0,20.79
2017-04-01 00:40:00,0.0,Room2,49.0,18.0,20.0
2017-04-01 08:30:00,42.12,Room2,48.0,21.0,19.37
2017-04-01 09:10:00,74.16,Room2,48.0,16.0,19.37
2017-04-03 01:30:00,0.0,Room2,53.0,16.0,18.9
2017-04-04 00:50:00,0.0,Room2,52.0,16.0,18.27
2017-04-04 07:00:00,2.75,Room2,52.0,21.0,17.95
2017-04-06 02:30:00,0.0,Room2,49.0,21.0,18.58
2017-04-08 03:00:00,0.0,Room2,46.0,21.0,18.43
2017-04-10 02:30:00,0.0,Room2,52.0,21.0,18.58
2017-04-12 21:30:00,4.58,Room2,49.0,19.5,19.84
2017-04-13 01:00:00,0.0,Room2,50.0,18.0,18.58
2017-04-13 04:00:00,0.0,Room2,50.0,21.0,18.27
2017-04-13 07:30:00,3.66,Room2,47.0,16.0,19.69
2017-04-13 15:30:00,67.75,Room2,50.0,21.0,18.27
2017-04-13 21:30:00,4.58,Room2,51.0,18.0,19.37
2017-04-14 02:30:00,0.0,Room2,50.0,18.0,18.43
2017-04-14 04:00:00,0.0,Room2,50.0,21.0,18.27
2017-04-14 07:30:00,0.0,Room2,49.0,16.0,17.95
2017-04-14 15:20:00,79.65,Room2,41.0,21.0,17.95
2017-04-14 21:30:00,0.0,Room2,45.0,18.0,19.37
2017-04-15 02:50:00,0.0,Room2,47.0,18.0,17.95
2017-04-15 07:50:00,0.0,Room2,47.0,21.0,17.48
2017-04-15 13:00:00,173.96,Room2,45.0,16.0,20.31
2017-04-15 15:30:00,2.75,Room2,44.0,21.0,18.58
2017-04-15 21:30:00,0.0,Room2,46.0,18.0,17.95
2017-04-16 03:00:00,0.0,Room2,46.0,18.0,17.64
2017-04-16 07:10:00,1.83,Room2,45.0,21.0,17.32
2017-04-16 13:00:00,3.66,Room2,45.0,16.0,17.17
2017-04-16 14:10:00,2.75,Room2,45.0,21.0,17.01
2017-04-16 21:20:00,0.0,Room2,46.0,19.5,16.85
2017-04-16 21:30:00,0.0,Room2,46.0,18.0,16.85
2017-04-17 02:00:00,0.0,Room2,46.0,18.0,16.54
2017-04-17 03:20:00,0.0,Room2,45.0,21.0,16.54
2017-04-17 07:30:00,0.0,Room2,44.0,16.0,17.17
2017-04-17 14:00:00,1.83,Room2,46.0,21.0,16.22
2017-04-17 20:20:00,0.0,Room2,48.0,18.0,18.43
2017-04-17 23:10:00,0.0,Room2,50.0,18.0,16.69
2017-04-18 10:10:00,38.45,Room2,47.0,21.0,17.01
2017-04-18 23:20:00,0.0,Room2,46.0,18.0,19.53
2017-04-19 00:00:00,0.0,Room2,47.0,21.0,18.9
2017-04-19 07:20:00,13.73,Room2,44.0,21.0,19.53
2017-04-19 07:30:00,17.4,Room2,44.0,16.0,19.37
2017-04-19 14:20:00,54.02,Room2,47.0,21.0,17.32
2017-04-19 21:50:00,0.0,Room2,45.0,18.0,19.21
2017-04-20 06:20:00,0.0,Room2,43.0,21.0,18.43
2017-04-20 07:20:00,9.16,Room2,43.0,21.0,18.9
2017-04-20 07:30:00,14.65,Room2,43.0,18.5,18.9
2017-04-21 07:30:00,0.0,Room2,41.0,16.0,19.21
2017-04-21 10:10:00,216.07,Room2,44.0,21.0,18.11
2017-04-21 12:30:00,206.0,Room2,27.0,16.0,20.47
2017-04-21 15:20:00,177.62,Room2,30.0,21.0,18.11
2017-04-21 21:30:00,19.23,Room2,46.0,18.0,20.47
2017-04-21 22:40:00,20.14,Room2,49.0,21.0,20.31
2017-04-22 01:20:00,9.155,Room2,51.0,21.0,20.79
2017-04-22 23:00:00,4.58,Room2,47.0,18.0,20.94
2017-04-23 08:30:00,75.08,Room2,45.0,21.0,18.58
2017-04-25 23:20:00,0.0,Room2,45.0,21.0,18.9
2017-04-30 00:40:00,0.0,Room2,49.0,18.0,20.0
2017-04-30 01:00:00,0.0,Room2,50.0,18.0,20.0
2017-04-30 08:30:00,49.44,Room2,50.0,21.0,18.58
2017-04-30 13:00:00,166.63,Room2,49.0,16.0,18.58
2017-04-30 14:50:00,161.14,Room2,48.0,21.0,18.43
2017-04-30 21:30:00,11.445,Room2,48.0,18.0,20.31
2017-05-01 00:20:00,0.0,Room2,49.0,18.0,18.9
2017-05-01 04:00:00,0.0,Room2,48.0,21.0,18.43
2017-05-01 07:30:00,0.0,Room2,46.0,16.0,19.84
2017-05-01 15:50:00,60.43,Room2,48.0,21.0,18.43
2017-05-01 21:30:00,0.0,Room2,47.0,18.0,19.84
2017-05-02 01:30:00,0.0,Room2,49.0,18.0,18.58
2017-05-02 04:00:00,0.0,Room2,49.0,21.0,18.27
2017-05-02 07:30:00,6.41,Room2,48.0,18.25,20.0
2017-05-02 10:00:00,13.73,Room2,48.0,16.0,19.37
2017-05-02 17:30:00,27.47,Room2,49.0,21.0,18.58
2017-05-02 21:20:00,0.0,Room2,49.0,21.0,19.53
2017-05-02 21:30:00,0.0,Room2,49.0,18.0,19.37
2017-05-03 04:00:00,0.0,Room2,50.0,21.0,17.95
2017-05-03 07:30:00,7.32,Room2,50.0,16.0,19.37
2017-05-03 15:20:00,34.79,Room2,51.0,21.0,17.95
2017-05-03 21:30:00,4.58,Room2,55.0,18.0,19.37
2017-05-04 01:20:00,0.0,Room2,54.0,18.0,18.43
2017-05-04 04:00:00,0.0,Room2,53.0,21.0,18.27
2017-05-04 07:30:00,21.97,Room2,51.0,16.0,19.84
2017-05-04 15:30:00,14.65,Room2,52.0,21.0,18.43
2017-05-04 21:30:00,0.0,Room2,53.0,18.0,19.84
2017-05-05 03:00:00,0.0,Room2,53.0,18.0,18.58
2017-05-05 04:00:00,0.0,Room2,53.0,21.0,18.43
2017-05-05 07:30:00,6.41,Room2,51.0,16.0,19.84
2017-05-05 15:20:00,83.32,Room2,52.0,21.0,18.43
2017-05-05 21:30:00,10.99,Room2,52.0,18.0,19.37
2017-05-06 00:30:00,0.0,Room2,55.0,18.0,18.9
2017-05-06 07:50:00,28.38,Room2,53.0,21.0,18.11
2017-05-06 13:00:00,140.08,Room2,44.0,16.0,18.58
2017-05-06 15:30:00,96.13,Room2,41.0,21.0,19.21
2017-05-06 21:30:00,0.0,Room2,47.5,18.0,18.58
2017-05-07 01:30:00,0.0,Room2,50.0,18.0,18.43
2017-05-07 07:50:00,0.0,Room2,51.0,21.0,18.27
2017-05-07 13:00:00,16.48,Room2,54.0,16.0,18.27
2017-05-07 15:30:00,96.13,Room2,56.0,21.0,18.74
2017-05-07 21:30:00,9.16,Room2,59.0,18.0,18.74
2017-05-08 04:00:00,0.0,Room2,57.0,21.0,18.11
2017-05-08 07:30:00,7.32,Room2,57.0,16.0,18.11
2017-05-08 15:20:00,45.78,Room2,56.0,21.0,17.95
2017-05-08 21:30:00,4.58,Room2,55.0,18.0,17.8
2017-05-09 01:50:00,0.0,Room2,55.0,18.0,17.64
2017-05-09 03:20:00,0.0,Room2,54.0,21.0,17.48
2017-05-09 07:30:00,26.55,Room2,51.0,16.0,17.17
2017-05-09 14:40:00,79.65,Room2,51.0,21.0,17.17
2017-05-09 21:30:00,0.0,Room2,52.0,19.5,18.11
2017-05-10 23:20:00,0.0,Room2,51.0,21.0,17.01
2017-05-11 23:30:00,0.0,Room2,51.0,18.0,17.64
2017-05-12 07:20:00,5.49,Room2,53.0,21.0,17.64
2017-05-12 07:30:00,4.58,Room2,53.0,16.0,17.64
2017-05-12 16:20:00,70.5,Room2,55.0,21.0,18.27
2017-05-12 21:30:00,10.99,Room2,61.0,18.0,18.43
2017-05-13 01:20:00,0.0,Room2,60.0,18.0,18.27
2017-05-13 07:50:00,0.92,Room2,58.0,21.0,18.11
2017-05-13 13:00:00,93.39,Room2,61.0,16.0,18.58
2017-05-13 15:10:00,77.82,Room2,61.0,21.0,18.43
2017-05-13 21:30:00,0.0,Room2,60.0,18.0,18.58
2017-05-14 03:00:00,0.0,Room2,59.0,18.0,18.43
2017-05-14 07:50:00,2.75,Room2,59.0,21.0,18.43
2017-05-14 13:00:00,162.97,Room2,61.0,16.0,18.74
2017-05-14 15:30:00,13.73,Room2,60.0,21.0,18.58
2017-05-14 21:30:00,4.58,Room2,63.0,18.0,18.74
2017-05-15 02:10:00,0.0,Room2,62.0,18.0,18.58
2017-05-15 04:40:00,0.0,Room2,61.0,21.0,18.43
2017-05-15 07:30:00,2.75,Room2,61.0,16.0,18.43
2017-05-15 16:20:00,22.89,Room2,60.0,21.0,18.43
2017-05-15 21:30:00,0.0,Room2,60.0,18.0,18.43
2017-05-16 02:40:00,0.0,Room2,60.0,18.0,18.43
2017-05-16 04:00:00,0.0,Room2,60.0,21.0,18.43
2017-05-16 07:30:00,2.75,Room2,59.0,16.0,18.27
2017-05-16 16:20:00,24.72,Room2,59.0,21.0,18.58
2017-05-16 21:30:00,0.0,Room2,59.0,18.0,18.58
2017-05-16 23:10:00,0.0,Room2,59.0,18.0,18.74
2017-05-17 04:40:00,0.0,Room2,58.0,21.0,18.74
2017-05-17 07:30:00,2.75,Room2,58.0,16.0,18.58
2017-05-17 16:20:00,25.64,Room2,58.0,21.0,19.06
2017-05-17 21:30:00,0.92,Room2,56.0,18.0,19.53
2017-05-18 02:10:00,0.0,Room2,58.0,18.0,19.37
2017-05-18 04:40:00,0.0,Room2,58.0,21.0,19.37
2017-05-18 07:30:00,2.75,Room2,58.0,16.0,19.37
2017-05-18 16:20:00,113.53,Room2,58.0,21.0,19.84
2017-05-18 21:30:00,4.58,Room2,62.0,18.0,20.31
2017-05-19 01:30:00,0.0,Room2,61.0,18.0,20.31
2017-05-19 06:10:00,0.92,Room2,61.0,21.0,20.31
2017-05-19 07:30:00,29.3,Room2,61.0,16.0,20.31
2017-05-19 17:30:00,7.32,Room2,63.0,21.0,20.79
2017-05-19 21:30:00,4.58,Room2,63.0,18.0,21.1
2017-05-20 02:50:00,0.0,Room2,61.0,18.0,20.47
2017-05-20 10:00:00,88.81,Room2,58.0,21.0,20.63
2017-05-20 13:00:00,40.285,Room2,56.5,16.0,20.39
2017-05-20 17:00:00,80.57,Room2,56.0,21.0,20.31
2017-05-20 21:20:00,0.0,Room2,57.0,21.0,19.84
2017-05-20 21:30:00,0.0,Room2,57.0,18.0,19.84
2017-05-20 23:20:00,0.0,Room2,55.0,18.0,19.84
2017-05-21 08:30:00,0.0,Room2,55.0,21.0,19.37
2017-05-21 13:00:00,131.84,Room2,47.0,16.0,19.21
2017-05-21 15:50:00,79.195,Room2,46.5,21.0,19.37
2017-05-21 21:30:00,0.0,Room2,50.0,18.0,19.21
2017-05-22 00:50:00,0.0,Room2,52.0,18.0,19.06
2017-05-22 04:40:00,0.0,Room2,53.0,21.0,19.06
2017-05-22 07:30:00,32.04,Room2,52.0,16.0,19.06
2017-05-22 16:00:00,25.64,Room2,54.0,21.0,19.21
2017-05-22 21:30:00,4.58,Room2,55.0,18.0,19.37
2017-05-22 23:40:00,0.0,Room2,56.0,18.0,19.21
2017-05-23 04:40:00,0.0,Room2,56.0,21.0,19.06
2017-05-23 07:30:00,29.3,Room2,56.0,16.0,19.06
2017-05-23 16:20:00,49.44,Room2,56.0,21.0,19.69
2017-05-23 21:30:00,0.0,Room2,60.0,18.0,19.84
2017-05-24 01:50:00,0.0,Room2,59.0,18.0,19.69
2017-05-24 05:20:00,0.0,Room2,59.0,21.0,19.69
2017-05-24 07:30:00,33.88,Room2,58.0,16.0,19.69
2017-05-24 16:40:00,20.14,Room2,53.0,21.0,19.69
2017-05-24 21:30:00,0.0,Room2,55.0,18.0,19.53
2017-05-24 23:00:00,0.0,Room2,55.0,18.0,19.450000000000003
2017-05-25 04:40:00,0.0,Room2,56.0,21.0,19.37
2017-05-25 07:30:00,0.0,Room2,56.0,16.0,19.21
2017-05-25 16:20:00,2.75,Room2,55.0,21.0,19.21
2017-05-25 21:30:00,1.83,Room2,50.0,18.0,19.53
2017-05-26 04:50:00,0.0,Room2,53.0,21.0,19.21
2017-05-26 07:30:00,0.0,Room2,54.0,16.0,19.06
2017-05-26 16:20:00,33.88,Room2,54.0,21.0,19.53
2017-05-26 21:30:00,0.0,Room2,56.0,18.0,19.69
2017-05-27 00:50:00,0.0,Room2,55.0,18.0,19.69
2017-05-27 09:10:00,3.66,Room2,56.0,21.0,19.53
2017-05-27 13:00:00,6.41,Room2,56.0,16.0,19.69
2017-05-27 17:00:00,68.67,Room2,56.0,21.0,20.16
2017-05-27 21:30:00,0.0,Room2,55.0,18.0,20.31
2017-05-28 10:00:00,0.0,Room2,56.0,21.0,20.31
2017-05-28 13:00:00,108.04,Room2,49.0,16.0,21.1
2017-05-28 17:00:00,35.71,Room2,50.0,21.0,21.1
2017-05-28 21:30:00,0.0,Room2,54.0,18.0,21.1
2017-05-29 06:10:00,2.75,Room2,55.0,21.0,21.26
2017-05-29 07:30:00,4.58,Room2,55.0,16.0,21.26
2017-05-29 17:30:00,28.38,Room2,56.0,21.0,21.89
2017-05-29 21:30:00,0.0,Room2,59.0,18.0,22.05
2017-05-30 01:50:00,0.0,Room2,58.0,18.0,22.2
2017-05-30 06:10:00,0.0,Room2,58.0,21.0,22.2
2017-05-30 07:30:00,32.96,Room2,62.0,16.0,22.2
2017-05-30 17:30:00,63.17,Room2,61.0,21.0,22.83
2017-05-30 21:30:00,0.0,Room2,58.0,18.0,22.83
2017-05-30 23:20:00,10.99,Room2,63.0,18.0,22.99
2017-05-31 06:10:00,0.0,Room2,64.0,21.0,22.83
2017-05-31 07:30:00,0.0,Room2,64.0,16.0,22.68
2017-05-31 17:30:00,32.96,Room2,57.0,21.0,22.83
2017-05-31 21:30:00,0.0,Room2,57.0,18.0,22.83
2017-06-01 00:30:00,0.0,Room2,57.0,18.0,22.68
2017-06-01 06:10:00,1.83,Room2,57.0,21.0,22.52
2017-06-01 07:30:00,2.75,Room2,56.0,16.0,22.36
2017-06-01 17:30:00,60.43,Room2,49.0,21.0,22.83
2017-06-01 21:30:00,0.0,Room2,51.0,18.0,22.68
2017-06-01 23:50:00,0.0,Room2,52.0,18.0,22.68
2017-06-02 06:10:00,0.0,Room2,53.0,21.0,22.52
2017-06-02 07:30:00,20.14,Room2,51.0,16.0,22.36
2017-06-02 17:30:00,38.45,Room2,53.0,21.0,22.83
2017-06-02 21:30:00,10.99,Room2,52.0,18.0,23.15
2017-06-03 00:10:00,0.0,Room2,54.0,18.0,22.99
2017-06-03 10:00:00,92.47,Room2,54.0,21.0,22.99
2017-06-03 13:00:00,3.66,Room2,55.0,16.0,22.83
2017-06-03 17:00:00,15.56,Room2,55.0,21.0,22.83
2017-06-03 21:30:00,0.0,Room2,55.0,18.0,22.83
2017-06-04 02:00:00,0.0,Room2,56.0,18.0,22.83
2017-06-04 10:00:00,2.75,Room2,56.0,21.0,22.68
2017-06-04 13:00:00,2.75,Room2,56.0,16.0,22.52
2017-06-04 17:00:00,26.55,Room2,56.0,21.0,22.52
2017-06-04 21:30:00,0.0,Room2,56.0,18.0,22.36
2017-06-05 00:00:00,0.0,Room2,55.0,18.0,22.2
2017-06-05 06:10:00,0.92,Room2,55.0,21.0,22.05
2017-06-05 07:30:00,1.83,Room2,55.0,16.0,22.05
2017-06-05 17:30:00,15.56,Room2,58.0,21.0,21.42
2017-06-05 21:30:00,0.0,Room2,59.0,18.0,21.42
2017-03-09 13:20:00,114.445,Room3,45.0,16.0,17.48
2017-03-10 07:30:00,46.69,Room3,46.0,18.0,19.69
2017-03-10 13:30:00,226.6,Room3,43.0,16.0,18.03
2017-03-11 18:20:00,6.41,Room3,42.0,19.0,19.21
2017-03-13 13:40:00,537.43,Room3,42.0,16.0,17.01
2017-03-14 13:40:00,284.74,Room3,41.0,16.0,17.17
2017-03-15 13:40:00,292.06,Room3,42.0,16.0,17.64
2017-03-16 13:50:00,685.755,Room3,42.5,16.0,17.8
2017-03-17 13:50:00,472.43,Room3,42.0,16.0,18.11
2017-03-18 14:00:00,106.2,Room3,45.0,16.0,17.48
2017-03-19 14:00:00,72.785,Room3,48.0,16.0,16.06
2017-03-20 14:00:00,178.995,Room3,46.0,16.0,17.32
2017-03-21 07:30:00,52.19,Room3,43.0,16.0,21.1
2017-03-22 07:30:00,25.64,Room3,45.0,16.0,19.53
2017-03-22 14:10:00,84.23,Room3,46.0,16.0,17.48
2017-03-23 14:10:00,208.75,Room3,47.0,16.0,17.48
2017-03-23 14:50:00,142.83,Room3,48.0,20.0,17.32
2017-03-24 14:20:00,333.72,Room3,49.0,16.0,19.53
2017-03-24 15:40:00,216.07,Room3,50.0,20.0,18.9
2017-03-24 21:30:00,0.0,Room3,48.0,19.0,19.53
2017-03-24 23:00:00,0.0,Room3,49.0,18.0,19.37
2017-03-25 07:50:00,0.0,Room3,49.0,20.0,17.48
2017-03-25 13:00:00,339.67,Room3,37.0,16.0,16.85
2017-03-25 14:20:00,1138.95,Room3,38.0,20.0,17.32
2017-03-25 20:50:00,0.0,Room3,41.0,16.0,20.63
2017-03-25 21:40:00,0.0,Room3,43.0,18.0,19.69
2017-03-26 01:40:00,0.0,Room3,45.0,18.0,18.11
2017-03-26 06:40:00,35.71,Room3,43.0,20.0,18.43
2017-03-27 22:20:00,0.0,Room3,41.0,18.0,20.31
2017-03-28 01:10:00,0.0,Room3,44.0,18.0,18.74
2017-03-28 03:50:00,0.0,Room3,44.0,20.0,18.11
2017-03-28 07:30:00,21.97,Room3,39.0,16.0,21.1
2017-03-28 14:30:00,687.58,Room3,44.0,20.0,18.43
2017-03-28 19:00:00,41.2,Room3,45.0,16.0,20.16
2017-03-28 23:10:00,0.0,Room3,46.0,16.0,18.74
2017-03-29 20:40:00,0.92,Room3,51.0,20.0,17.95
2017-03-29 21:30:00,0.0,Room3,48.0,18.0,20.16
2017-03-30 02:30:00,0.0,Room3,50.0,18.0,18.189999999999998
2017-03-30 03:20:00,0.0,Room3,50.0,20.0,18.11
2017-03-30 07:30:00,0.0,Room3,47.0,16.0,20.0
2017-03-30 14:40:00,738.85,Room3,50.0,20.0,18.9
2017-03-30 21:30:00,0.0,Room3,50.0,18.0,20.0
2017-03-31 00:00:00,4.58,Room3,50.0,18.0,19.37
2017-03-31 03:50:00,0.0,Room3,50.0,20.0,18.9
2017-03-31 07:30:00,35.71,Room3,49.0,16.0,20.16
2017-03-31 17:30:00,216.07,Room3,51.0,20.0,19.53
2017-03-31 21:30:00,0.0,Room3,51.0,18.0,19.84
2017-04-01 00:40:00,0.0,Room3,52.0,18.0,19.37
2017-04-01 08:00:00,0.0,Room3,51.0,20.0,18.9
2017-04-01 09:10:00,136.42,Room3,50.0,16.0,18.9
2017-04-03 01:30:00,0.0,Room3,54.0,16.0,18.58
2017-04-04 00:50:00,0.0,Room3,55.0,16.0,17.95
2017-04-04 07:00:00,14.65,Room3,53.0,20.0,17.64
2017-04-12 21:30:00,0.0,Room3,46.0,18.0,20.94
2017-04-13 01:00:00,0.0,Room3,50.0,18.0,18.74
2017-04-13 03:50:00,0.0,Room3,50.0,20.0,18.11
2017-04-13 07:30:00,19.23,Room3,47.0,16.0,20.16
2017-04-14 03:30:00,0.0,Room3,50.0,20.0,18.27
2017-04-14 15:00:00,258.19,Room3,43.0,20.0,17.64
2017-04-14 21:30:00,0.0,Room3,46.0,18.0,19.37
2017-04-15 02:50:00,0.0,Room3,48.0,18.0,17.95
2017-04-15 07:20:00,0.0,Room3,48.0,20.0,17.32
2017-04-15 13:00:00,268.26,Room3,45.0,16.0,20.63
2017-04-15 15:20:00,169.84,Room3,44.0,20.0,18.9
2017-04-15 21:30:00,0.0,Room3,50.0,18.0,17.8
2017-04-16 03:00:00,0.0,Room3,51.0,18.0,17.32
2017-04-16 07:20:00,65.92,Room3,50.0,20.0,16.85
2017-04-16 13:00:00,216.07,Room3,50.0,16.0,16.85
2017-04-16 14:20:00,92.47,Room3,49.0,20.0,16.69
2017-04-16 21:20:00,0.0,Room3,50.0,19.0,16.06
2017-04-16 21:30:00,0.0,Room3,50.0,18.0,16.06
2017-04-17 02:00:00,0.0,Room3,51.0,18.0,15.91
2017-04-17 04:00:00,0.0,Room3,51.0,20.0,15.59
2017-04-17 07:30:00,15.56,Room3,46.0,16.0,17.8
2017-04-17 14:00:00,115.36,Room3,51.0,20.0,15.43
2017-04-17 20:20:00,0.0,Room3,47.0,24.166666666666668,19.69
2017-04-17 22:00:00,0.0,Room3,50.0,21.0,18.11
2017-04-17 23:10:00,0.0,Room3,50.0,18.0,17.245
2017-04-18 10:10:00,99.8,Room3,46.0,20.0,17.95
2017-04-18 23:20:00,0.0,Room3,45.0,18.0,20.0
2017-04-19 03:20:00,0.0,Room3,48.0,20.0,17.64
2017-04-19 14:20:00,201.42,Room3,48.0,20.0,17.01
2017-04-19 21:50:00,0.0,Room3,46.0,18.0,19.37
2017-04-20 06:20:00,0.0,Room3,44.0,20.0,18.58
2017-04-20 07:20:00,38.45,Room3,43.0,20.0,19.37
2017-04-20 07:30:00,63.17,Room3,44.0,18.0,19.37
2017-04-21 06:40:00,0.0,Room3,40.0,17.0,20.31
2017-04-21 06:50:00,0.0,Room3,40.0,14.5,20.47
2017-04-21 07:30:00,0.0,Room3,41.0,16.0,19.69
2017-04-21 10:10:00,168.005,Room3,45.0,20.0,17.95
2017-04-21 12:30:00,224.31,Room3,27.0,16.0,21.89
2017-04-21 17:30:00,312.2,Room3,40.0,20.0,18.9
2017-04-21 21:30:00,3.66,Room3,47.0,18.0,20.0
2017-04-21 22:40:00,3.66,Room3,50.0,20.0,19.53
2017-04-22 23:00:00,0.0,Room3,49.0,18.0,20.0
2017-04-23 08:20:00,127.26,Room3,46.0,20.0,18.58
2017-04-30 00:40:00,0.0,Room3,48.0,18.0,20.31
2017-04-30 01:00:00,0.0,Room3,48.5,18.0,20.16
2017-04-30 07:40:00,35.71,Room3,50.0,20.0,17.95
2017-04-30 13:00:00,183.11,Room3,50.0,16.0,17.95
2017-04-30 14:10:00,274.67,Room3,50.0,20.0,17.95
2017-04-30 21:30:00,0.0,Room3,49.0,18.0,20.0
2017-05-01 00:20:00,0.0,Room3,49.0,18.0,18.9
2017-05-01 03:50:00,0.0,Room3,49.0,20.0,18.27
2017-05-01 07:30:00,0.0,Room3,47.0,16.0,19.69
2017-05-01 14:30:00,298.47,Room3,48.0,20.0,18.58
2017-05-01 21:30:00,0.0,Room3,47.0,18.0,20.16
2017-05-02 01:30:00,0.0,Room3,49.0,18.0,18.58
2017-05-02 03:50:00,0.0,Room3,50.0,20.0,18.11
2017-05-02 07:30:00,10.07,Room3,48.0,16.0,20.16
2017-05-02 15:10:00,105.29,Room3,51.0,20.0,17.95
2017-05-02 21:30:00,0.0,Room3,50.0,18.0,19.69
2017-05-03 03:50:00,0.0,Room3,52.0,20.0,17.8
2017-05-03 07:30:00,20.14,Room3,51.0,16.0,19.37
2017-05-03 15:00:00,88.81,Room3,52.0,20.0,17.8
2017-05-03 21:30:00,2.75,Room3,55.0,18.0,19.84
2017-05-04 01:20:00,0.0,Room3,55.0,18.0,18.43
2017-05-04 07:30:00,59.51,Room3,53.0,16.0,19.37
2017-05-04 14:50:00,616.17,Room3,53.0,20.0,18.58
2017-05-04 21:30:00,0.0,Room3,53.0,18.0,20.16
2017-05-05 03:00:00,0.0,Room3,54.0,18.0,18.505
2017-05-05 03:50:00,0.0,Room3,54.0,20.0,18.27
2017-05-05 07:30:00,26.55,Room3,53.0,16.0,19.37
2017-05-05 14:50:00,327.77,Room3,53.0,20.0,18.43
2017-05-05 21:30:00,0.0,Room3,54.0,18.0,19.37
2017-05-06 00:30:00,0.0,Room3,56.0,18.0,18.74
2017-05-06 07:40:00,76.91,Room3,54.0,20.0,17.8
2017-05-06 13:00:00,159.31,Room3,48.0,16.0,17.95
2017-05-06 14:10:00,270.09,Room3,46.0,20.0,18.27
2017-05-06 21:30:00,0.0,Room3,49.0,18.0,18.43
2017-05-07 01:30:00,0.0,Room3,50.0,18.0,18.11
2017-05-07 13:00:00,57.68,Room3,57.0,16.0,18.58
2017-05-07 14:20:00,195.01,Room3,59.0,20.0,18.43
2017-05-07 21:30:00,0.0,Room3,60.0,18.0,18.43
2017-05-08 03:40:00,0.0,Room3,59.0,20.0,18.11
2017-05-08 07:30:00,32.96,Room3,59.0,16.0,18.11
2017-05-08 14:50:00,159.31,Room3,57.0,20.0,17.95
2017-05-08 21:30:00,0.0,Room3,57.0,18.0,17.48
2017-05-09 01:50:00,0.0,Room3,56.0,18.0,17.32
2017-05-09 03:30:00,0.0,Room3,56.0,20.0,17.17
2017-05-09 07:30:00,86.98,Room3,53.0,16.0,16.85
2017-05-09 15:00:00,794.7,Room3,53.0,20.0,17.01
2017-05-09 21:30:00,0.0,Room3,52.0,19.0,18.43
2017-05-11 23:30:00,0.0,Room3,52.0,18.0,17.48
2017-05-12 00:00:00,0.0,Room3,52.0,20.0,17.48
2017-05-12 07:30:00,28.38,Room3,54.0,16.0,17.48
2017-05-12 16:20:00,152.9,Room3,57.0,20.0,18.58
2017-05-12 21:30:00,0.0,Room3,64.0,18.0,18.58
2017-05-13 01:20:00,0.0,Room3,61.0,18.0,18.27
2017-05-13 07:30:00,22.89,Room3,59.0,20.0,18.11
2017-05-13 13:00:00,292.06,Room3,61.0,16.0,18.43
2017-05-13 14:30:00,47.61,Room3,62.0,20.0,18.58
2017-05-13 21:20:00,0.0,Room3,61.0,20.0,18.74
2017-05-13 21:30:00,0.0,Room3,61.0,18.0,18.74
2017-05-14 03:00:00,0.0,Room3,61.0,18.0,18.58
2017-05-14 07:30:00,54.93,Room3,60.0,20.0,18.43
2017-05-14 13:00:00,254.52,Room3,62.0,16.0,18.9
2017-05-14 15:00:00,55.85,Room3,62.0,20.0,18.9
2017-05-14 21:30:00,0.92,Room3,64.0,18.0,18.74
2017-05-15 02:10:00,0.0,Room3,64.0,18.0,18.58
2017-05-15 03:40:00,0.0,Room3,64.0,20.0,18.43
2017-05-15 07:30:00,76.91,Room3,63.0,16.0,18.43
2017-05-15 16:40:00,139.16,Room3,62.0,20.0,19.21
2017-05-16 02:40:00,0.0,Room3,62.0,18.0,18.43
2017-05-16 03:40:00,0.0,Room3,62.0,20.0,18.27
2017-05-16 07:30:00,71.41,Room3,61.0,16.0,18.27
2017-05-16 17:30:00,816.22,Room3,59.0,20.0,19.53
2017-05-16 21:20:00,0.0,Room3,60.0,20.0,18.9
2017-05-16 21:30:00,0.0,Room3,60.0,18.0,18.9
2017-05-16 23:10:00,0.0,Room3,60.0,18.0,18.74
2017-05-17 04:10:00,0.0,Room3,60.0,20.0,18.74
2017-05-17 07:30:00,62.26,Room3,59.0,16.0,18.74
2017-05-17 17:30:00,866.12,Room3,57.0,20.0,20.16
2017-05-17 21:30:00,3.66,Room3,58.0,18.0,19.69
2017-05-18 02:10:00,0.0,Room3,59.0,18.0,19.53
2017-05-18 06:10:00,26.55,Room3,60.0,20.0,19.53
2017-05-18 07:30:00,69.58,Room3,59.0,16.0,19.53
2017-05-18 17:30:00,929.29,Room3,57.0,20.0,21.1
2017-05-18 21:30:00,0.0,Room3,61.0,18.0,20.47
2017-05-19 01:30:00,0.0,Room3,61.0,18.0,20.47
2017-05-19 06:10:00,21.06,Room3,61.0,20.0,20.47
2017-05-19 07:30:00,108.04,Room3,61.0,16.0,20.63
2017-05-19 17:30:00,32.96,Room3,63.0,20.0,20.94
2017-05-19 21:30:00,0.0,Room3,63.0,18.0,20.94
2017-05-20 02:50:00,0.0,Room3,62.0,18.0,20.31
2017-05-20 10:00:00,123.6,Room3,60.0,20.0,20.16
2017-05-20 13:00:00,166.63,Room3,59.0,16.0,20.16
2017-05-20 17:00:00,1431.01,Room3,57.0,20.0,20.63
2017-05-20 21:30:00,0.0,Room3,58.0,18.0,19.69
2017-05-20 23:20:00,0.0,Room3,57.0,18.0,19.69
2017-05-21 09:20:00,168.46,Room3,50.0,19.0,17.48
2017-05-21 09:30:00,174.87,Room3,51.0,19.0,17.32
2017-05-21 09:40:00,177.62,Room3,52.0,20.0,17.32
2017-05-21 13:00:00,210.58,Room3,50.0,16.0,18.58
2017-05-21 14:10:00,231.64,Room3,50.0,20.0,18.74
2017-05-21 21:30:00,0.0,Room3,52.0,18.0,19.06
2017-05-22 00:50:00,0.0,Room3,53.0,18.0,18.9
2017-05-22 04:00:00,0.0,Room3,54.0,20.0,18.74
2017-05-22 07:30:00,112.61,Room3,54.0,16.0,18.9
2017-05-22 17:30:00,195.93,Room3,55.0,20.0,19.21
2017-05-22 21:30:00,0.92,Room3,57.0,18.0,19.21
2017-05-22 23:40:00,0.0,Room3,57.0,18.0,19.06
2017-05-23 04:10:00,0.0,Room3,57.0,20.0,18.9
2017-05-23 07:30:00,101.63,Room3,58.0,16.0,19.06
2017-05-23 17:30:00,404.68,Room3,57.0,20.0,19.84
2017-05-23 21:30:00,0.0,Room3,59.0,18.0,19.69
2017-05-24 01:50:00,0.0,Room3,60.0,18.0,19.69
2017-05-24 07:30:00,93.39,Room3,60.0,16.0,19.69
2017-05-24 17:30:00,113.53,Room3,54.0,20.0,19.84
2017-05-24 21:30:00,0.0,Room3,56.0,18.0,19.53
2017-05-24 23:00:00,0.0,Room3,56.0,18.0,19.53
2017-05-25 06:10:00,0.0,Room3,57.0,20.0,19.21
2017-05-25 07:30:00,0.0,Room3,57.0,16.0,19.21
2017-05-25 17:30:00,438.55,Room3,57.0,20.0,19.53
2017-05-25 21:30:00,0.0,Room3,50.0,18.0,19.37
2017-05-26 06:10:00,0.0,Room3,55.0,20.0,19.21
2017-05-26 07:30:00,0.0,Room3,55.0,16.0,19.06
2017-05-26 17:30:00,1035.49,Room3,54.0,20.0,20.79
2017-05-26 21:30:00,0.0,Room3,56.0,18.0,19.84
2017-05-27 00:50:00,0.0,Room3,56.0,18.0,19.69
2017-05-27 10:00:00,165.72,Room3,56.0,20.0,19.84
2017-05-27 13:00:00,162.05,Room3,57.0,16.0,20.0
2017-05-27 17:00:00,1289.105,Room3,55.0,20.0,21.26
2017-05-27 21:30:00,0.0,Room3,55.0,18.0,20.63
2017-05-28 10:00:00,0.0,Room3,56.0,20.0,20.47
2017-05-28 13:00:00,197.76,Room3,51.0,16.0,21.1
2017-05-28 17:00:00,1130.71,Room3,50.0,20.0,22.36
2017-05-28 21:30:00,0.0,Room3,54.0,18.0,21.57
2017-05-29 06:10:00,45.78,Room3,55.0,20.0,21.57
2017-05-29 07:30:00,107.12,Room3,55.0,16.0,21.73
2017-05-29 17:30:00,145.57,Room3,55.0,20.0,22.52
2017-05-29 21:30:00,0.0,Room3,57.0,18.0,22.52
2017-05-30 01:50:00,0.0,Room3,58.0,18.0,22.68
2017-05-30 06:10:00,0.0,Room3,58.0,20.0,22.68
2017-05-30 07:30:00,120.85,Room3,60.0,16.0,22.68
2017-05-30 17:30:00,854.21,Room3,59.0,20.0,24.25
2017-05-30 21:30:00,0.0,Room3,58.0,18.0,23.31
2017-05-30 23:20:00,0.0,Room3,60.0,18.0,23.31
2017-05-31 06:10:00,0.0,Room3,62.0,20.0,23.15
2017-05-31 07:30:00,0.0,Room3,62.0,16.0,23.15
2017-05-31 17:30:00,1043.73,Room3,55.0,20.0,24.09
2017-05-31 21:30:00,0.0,Room3,57.0,18.0,23.15
2017-06-01 00:30:00,0.0,Room3,57.0,18.0,23.15
2017-06-01 06:10:00,35.71,Room3,56.0,20.0,22.68
2017-06-01 07:30:00,84.23,Room3,56.0,16.0,22.68
2017-06-01 17:30:00,1043.73,Room3,48.0,20.0,23.94
2017-06-01 21:30:00,0.92,Room3,50.0,18.0,22.83
2017-06-01 23:50:00,0.0,Room3,52.0,18.0,22.83
2017-06-02 06:10:00,0.0,Room3,53.0,20.0,22.68
2017-06-02 07:30:00,82.4,Room3,51.0,16.0,22.52
2017-06-02 17:30:00,1067.54,Room3,51.0,20.0,23.94
2017-06-02 21:30:00,0.92,Room3,54.0,18.0,23.31
2017-06-03 00:10:00,0.0,Room3,55.0,18.0,23.31
2017-06-03 10:00:00,200.51,Room3,54.0,20.0,23.15
2017-06-03 13:00:00,165.72,Room3,55.0,16.0,23.31
2017-06-03 17:00:00,881.68,Room3,55.0,20.0,23.46
2017-06-03 21:30:00,0.0,Room3,56.0,18.0,23.31
2017-06-04 02:00:00,0.0,Room3,57.0,18.0,23.15
2017-06-04 10:00:00,92.47,Room3,57.0,20.0,22.83
2017-06-04 13:00:00,115.36,Room3,57.0,16.0,22.83
2017-06-04 17:00:00,1423.69,Room3,54.0,20.0,24.09
2017-06-04 21:30:00,0.0,Room3,56.0,18.0,22.83
2017-06-05 00:00:00,0.0,Room3,56.0,18.0,22.6
2017-06-05 06:10:00,28.84,Room3,56.0,20.0,22.2
2017-06-05 07:30:00,88.81,Room3,55.0,16.0,22.2
2017-06-05 17:30:00,63.17,Room3,58.0,20.0,21.42
2017-06-05 21:30:00,0.0,Room3,59.0,18.0,21.42
2017-03-09 07:30:00,104.37,Toilet,51.0,16.0,17.64
2017-03-09 13:20:00,141.91,Toilet,50.0,16.0,16.06
2017-03-10 13:30:00,274.66999999999996,Toilet,44.0,16.0,16.38
2017-03-11 13:30:00,415.65999999999997,Toilet,44.0,17.0,16.535
2017-03-13 13:40:00,454.12,Toilet,40.0,16.0,15.43
2017-03-14 07:30:00,63.17,Toilet,42.0,16.0,17.01
2017-03-14 13:40:00,347.91,Toilet,43.0,16.0,15.59
2017-03-15 13:40:00,305.8,Toilet,47.0,16.0,16.06
2017-03-16 13:50:00,416.58,Toilet,46.0,16.0,15.91
2017-03-17 13:50:00,341.5,Toilet,46.0,16.0,16.22
2017-03-17 16:20:00,130.92,Toilet,48.0,17.0,15.91
2017-03-18 14:00:00,138.25,Toilet,49.0,16.0,16.54
2017-03-19 14:00:00,85.15,Toilet,54.5,16.0,15.59
2017-03-20 14:00:00,298.47,Toilet,51.0,16.0,16.22
2017-03-22 14:10:00,125.43,Toilet,50.0,16.0,15.91
2017-03-23 14:10:00,298.47,Toilet,51.0,16.0,16.38
2017-03-24 07:30:00,62.26,Toilet,50.0,16.0,17.17
2017-03-24 14:20:00,276.5,Toilet,53.0,16.0,16.38
2017-03-24 17:30:00,127.26,Toilet,52.0,17.0,16.22
2017-03-24 21:30:00,0.0,Toilet,53.0,16.5,16.85
2017-03-24 23:00:00,56.76,Toilet,52.0,16.0,16.85
2017-03-25 09:00:00,171.21,Toilet,51.0,17.0,15.75
2017-03-25 13:00:00,327.77,Toilet,44.0,16.0,16.38
2017-03-25 15:30:00,402.84,Toilet,43.0,17.0,16.54
2017-03-26 01:40:00,0.0,Toilet,47.0,16.0,16.06
2017-03-26 06:40:00,56.76,Toilet,45.0,17.0,17.17
2017-03-27 22:20:00,0.0,Toilet,44.0,16.0,17.64
2017-03-28 01:10:00,0.0,Toilet,44.0,16.0,16.54
2017-03-28 06:10:00,0.0,Toilet,44.0,17.0,16.54
2017-03-28 07:30:00,59.51,Toilet,46.0,16.0,16.69
2017-03-28 19:00:00,98.88,Toilet,46.0,16.0,16.69
2017-03-28 23:20:00,0.0,Toilet,50.0,16.0,16.38
2017-03-29 20:40:00,0.0,Toilet,50.0,17.0,16.85
2017-03-30 02:30:00,0.0,Toilet,51.0,16.0,16.54
2017-03-30 07:30:00,57.68,Toilet,50.0,16.0,17.32
2017-03-30 17:30:00,337.84,Toilet,50.0,17.0,17.8
2017-03-31 00:00:00,168.92,Toilet,52.0,16.0,17.64
2017-03-31 06:10:00,0.0,Toilet,54.0,17.0,17.01
2017-03-31 07:30:00,67.75,Toilet,53.0,16.0,17.01
2017-03-31 17:30:00,288.4,Toilet,52.0,17.0,17.48
2017-04-01 00:40:00,0.0,Toilet,54.0,16.0,17.48
2017-04-03 01:30:00,0.0,Toilet,58.0,16.0,17.560000000000002
2017-04-04 00:50:00,0.0,Toilet,59.0,16.0,17.01
2017-04-04 07:00:00,17.4,Toilet,58.0,17.0,17.01
2017-04-06 02:30:00,0.0,Toilet,52.0,17.0,17.01
2017-04-08 03:00:00,0.0,Toilet,50.0,17.0,17.01
2017-04-10 02:30:00,0.0,Toilet,55.0,17.0,16.69
2017-04-12 21:30:00,0.0,Toilet,51.0,16.0,17.17
2017-04-13 01:00:00,0.0,Toilet,50.0,16.0,16.69
2017-04-13 06:10:00,0.92,Toilet,49.0,17.0,16.38
2017-04-13 07:30:00,24.72,Toilet,51.0,16.0,17.17
2017-04-13 17:30:00,132.76,Toilet,48.0,17.0,17.8
2017-04-13 21:30:00,0.0,Toilet,48.0,16.0,18.43
2017-04-14 02:40:00,0.0,Toilet,50.0,16.0,17.48
2017-04-14 06:10:00,0.0,Toilet,50.0,17.0,17.32
2017-04-14 07:30:00,75.08,Toilet,50.0,16.0,17.32
2017-04-14 17:30:00,86.98,Toilet,46.0,17.0,17.32
2017-04-14 21:30:00,0.0,Toilet,48.0,16.0,17.17
2017-04-15 02:50:00,0.0,Toilet,48.0,16.0,17.01
2017-04-15 10:00:00,268.26,Toilet,48.0,17.0,17.48
2017-04-15 13:00:00,317.7,Toilet,49.0,16.0,17.64
2017-04-15 17:00:00,96.13,Toilet,49.0,17.0,17.32
2017-04-16 03:00:00,0.0,Toilet,48.0,16.0,16.54
2017-04-16 10:00:00,324.11,Toilet,46.0,17.0,16.54
2017-04-16 13:00:00,347.91,Toilet,45.0,16.0,16.54
2017-04-16 17:00:00,99.8,Toilet,46.0,17.0,16.22
2017-04-16 21:20:00,0.0,Toilet,47.0,16.5,15.91
2017-04-16 21:30:00,0.0,Toilet,47.0,16.0,15.91
2017-04-17 02:00:00,0.0,Toilet,47.0,16.0,15.59
2017-04-17 03:40:00,0.0,Toilet,48.0,17.0,15.59
2017-04-17 07:30:00,24.72,Toilet,46.0,16.0,16.22
2017-04-17 14:40:00,302.13,Toilet,48.0,17.0,15.43
2017-04-17 20:20:00,0.92,Toilet,48.0,16.0,16.69
2017-04-17 23:10:00,0.0,Toilet,50.0,16.0,16.06
2017-04-18 10:10:00,198.68,Toilet,47.0,17.0,16.38
2017-04-18 23:20:00,0.0,Toilet,46.0,16.0,17.17
2017-04-19 03:40:00,0.0,Toilet,43.0,17.0,15.75
2017-04-19 07:30:00,105.29,Toilet,41.0,16.0,17.17
2017-04-19 14:20:00,281.99,Toilet,44.0,17.0,16.22
2017-04-19 21:50:00,0.0,Toilet,45.0,16.0,17.32
2017-04-20 06:20:00,8.24,Toilet,38.0,17.0,16.54
2017-04-20 07:30:00,137.33,Toilet,41.0,16.5,17.01
2017-04-21 07:30:00,38.45,Toilet,41.0,16.0,16.69
2017-04-21 10:10:00,203.25,Toilet,41.0,17.0,15.75
2017-04-21 12:30:00,268.26,Toilet,38.0,16.0,18.27
2017-04-21 17:30:00,331.43,Toilet,44.0,17.0,16.54
2017-04-21 21:30:00,0.0,Toilet,41.0,16.0,16.54
2017-04-21 22:40:00,2.75,Toilet,44.0,17.0,17.64
2017-04-22 01:20:00,0.0,Toilet,49.0,17.0,17.64
2017-04-25 23:20:00,0.0,Toilet,47.0,17.0,17.32
2017-04-30 01:00:00,0.0,Toilet,52.5,16.0,18.189999999999998
2017-04-30 10:00:00,194.1,Toilet,43.0,17.0,16.22
2017-04-30 21:30:00,0.0,Toilet,43.0,16.0,17.32
2017-05-01 00:30:00,0.0,Toilet,48.0,16.0,17.01
2017-05-01 06:10:00,31.13,Toilet,48.0,17.0,16.38
2017-05-01 07:30:00,145.57,Toilet,46.0,16.0,17.64
2017-05-01 21:30:00,90.18,Toilet,52.5,16.0,16.770000000000003
2017-05-02 01:30:00,87.89,Toilet,53.0,16.0,16.69
2017-05-02 06:10:00,1.83,Toilet,53.0,17.0,16.22
2017-05-02 17:30:00,117.19,Toilet,53.0,17.0,16.22
2017-05-02 21:30:00,0.0,Toilet,53.0,16.0,17.64
2017-05-03 06:10:00,9.16,Toilet,52.0,17.0,16.38
2017-05-03 07:30:00,33.88,Toilet,53.0,16.0,17.8
2017-05-03 17:30:00,92.47,Toilet,54.0,17.0,16.54
2017-05-04 01:20:00,0.0,Toilet,59.0,16.0,16.38
2017-05-04 07:30:00,139.16,Toilet,57.0,16.0,17.64
2017-05-04 17:30:00,186.77,Toilet,56.0,17.0,17.17
2017-05-04 21:30:00,0.0,Toilet,59.0,16.0,16.69
2017-05-05 03:00:00,0.0,Toilet,58.0,16.0,16.69
2017-05-05 17:30:00,377.21,Toilet,53.0,17.0,17.17
2017-05-05 21:30:00,0.0,Toilet,58.0,16.0,17.48
2017-05-06 00:30:00,0.0,Toilet,60.5,16.0,16.69
2017-05-06 10:00:00,198.68,Toilet,58.0,17.0,16.85
2017-05-06 13:00:00,226.14,Toilet,48.0,16.0,17.32
2017-05-06 17:00:00,379.04,Toilet,46.0,17.0,17.8
2017-05-06 21:30:00,0.0,Toilet,52.0,16.0,17.48
2017-05-07 01:30:00,0.0,Toilet,53.0,16.0,17.48
2017-05-07 10:00:00,152.9,Toilet,55.0,17.0,17.48
2017-05-07 13:00:00,134.59,Toilet,59.0,16.0,17.32
2017-05-07 17:00:00,274.67,Toilet,60.0,17.0,17.8
2017-05-07 21:30:00,0.0,Toilet,62.0,16.0,17.48
2017-05-08 06:10:00,2.75,Toilet,59.0,17.0,17.32
2017-05-08 07:30:00,68.67,Toilet,62.0,16.0,17.48
2017-05-08 17:30:00,101.63,Toilet,58.0,17.0,17.17
2017-05-09 01:50:00,0.0,Toilet,56.0,16.0,16.69
2017-05-09 06:10:00,15.56,Toilet,56.0,17.0,16.85
2017-05-09 07:30:00,173.96,Toilet,54.0,16.0,16.85
2017-05-09 17:30:00,260.93,Toilet,52.0,17.0,17.17
2017-05-09 21:30:00,0.0,Toilet,54.0,16.5,16.54
2017-05-10 23:20:00,0.0,Toilet,53.0,17.0,16.06
2017-05-12 06:10:00,17.4,Toilet,58.0,17.0,16.54
2017-05-12 17:30:00,265.055,Toilet,60.5,17.0,17.795
2017-05-12 21:30:00,0.0,Toilet,62.0,16.0,17.32
2017-05-13 01:20:00,0.0,Toilet,63.0,16.0,17.48
2017-05-13 10:00:00,254.52,Toilet,62.0,17.0,17.64
2017-05-13 21:30:00,0.0,Toilet,63.0,16.0,17.95
2017-05-14 03:00:00,81.48,Toilet,65.0,16.0,17.64
2017-05-14 10:00:00,433.06,Toilet,62.0,17.0,18.11
2017-05-14 13:00:00,302.13,Toilet,63.0,16.0,18.43
2017-05-14 17:00:00,207.83,Toilet,64.0,17.0,18.11
2017-05-14 21:30:00,0.0,Toilet,66.0,16.0,18.11
2017-05-15 02:10:00,0.0,Toilet,66.0,16.0,17.8
2017-05-15 06:10:00,86.98,Toilet,65.0,17.0,17.64
2017-05-15 07:30:00,175.79,Toilet,64.0,16.0,17.95
2017-05-15 17:30:00,268.26,Toilet,62.0,17.0,18.43
2017-05-16 02:40:00,0.0,Toilet,62.0,16.0,17.95
2017-05-16 06:10:00,96.13,Toilet,61.0,17.0,17.95
2017-05-16 07:30:00,150.15,Toilet,60.0,16.0,17.95
2017-05-16 23:10:00,0.0,Toilet,61.0,16.0,18.11
2017-05-17 06:10:00,75.99,Toilet,60.0,17.0,18.11
2017-05-17 17:30:00,272.84,Toilet,60.0,17.0,18.58
2017-05-17 21:30:00,89.72,Toilet,61.0,16.0,18.58
2017-05-18 02:10:00,0.0,Toilet,63.0,16.0,18.27
2017-05-18 06:10:00,83.32,Toilet,63.0,17.0,18.27
2017-05-18 07:30:00,150.15,Toilet,62.0,16.0,18.43
2017-05-18 17:30:00,337.84,Toilet,61.0,17.0,19.69
2017-05-18 21:30:00,0.0,Toilet,67.0,16.0,19.69
2017-05-19 01:30:00,0.0,Toilet,70.0,16.0,19.37
2017-05-19 17:30:00,65.0,Toilet,65.0,17.0,20.47
2017-05-19 21:30:00,0.0,Toilet,66.0,16.0,20.0
2017-05-20 02:50:00,0.0,Toilet,64.0,16.0,19.69
2017-05-20 10:00:00,142.83,Toilet,63.0,17.0,19.53
2017-05-20 13:00:00,315.87,Toilet,61.0,16.0,19.53
2017-05-20 23:20:00,0.0,Toilet,60.0,16.0,19.21
2017-05-21 13:00:00,247.2,Toilet,51.0,16.0,18.27
2017-05-21 17:00:00,327.77,Toilet,53.0,17.0,18.9
2017-05-21 21:30:00,0.0,Toilet,55.0,16.0,18.9
2017-05-22 00:50:00,0.0,Toilet,57.0,16.0,18.9
2017-05-22 07:30:00,235.3,Toilet,54.0,16.0,18.58
2017-05-22 17:30:00,260.93,Toilet,56.0,17.0,19.06
2017-05-22 21:30:00,0.0,Toilet,59.0,16.0,18.58
2017-05-22 23:40:00,0.0,Toilet,59.0,16.0,18.9
2017-05-23 06:10:00,84.23,Toilet,60.0,17.0,18.58
2017-05-23 07:30:00,173.04,Toilet,61.0,16.0,18.74
2017-05-23 17:30:00,325.94,Toilet,58.0,17.0,19.21
2017-05-23 21:30:00,0.0,Toilet,64.0,16.0,19.21
2017-05-24 01:50:00,0.0,Toilet,65.0,16.0,19.06
2017-05-24 06:10:00,107.12,Toilet,62.0,17.0,19.06
2017-05-24 07:30:00,228.89,Toilet,55.0,16.0,18.27
2017-05-24 17:30:00,195.01,Toilet,56.0,17.0,19.21
2017-05-24 23:00:00,0.0,Toilet,58.0,16.0,19.06
2017-05-25 06:10:00,43.03,Toilet,59.0,17.0,18.9
2017-05-25 07:30:00,86.98,Toilet,59.0,16.0,18.9
2017-05-25 17:30:00,233.47,Toilet,58.0,17.0,19.21
2017-05-26 06:10:00,88.35,Toilet,57.0,17.0,18.43
2017-05-26 07:30:00,149.24,Toilet,56.0,16.0,18.58
2017-05-26 17:30:00,251.78,Toilet,56.0,17.0,19.69
2017-05-26 21:30:00,0.92,Toilet,58.0,16.0,19.37
2017-05-27 00:50:00,0.0,Toilet,58.0,16.0,19.37
2017-05-27 10:00:00,162.05,Toilet,58.0,17.0,19.37
2017-05-27 17:00:00,241.71,Toilet,59.0,17.0,19.84
2017-05-27 21:30:00,0.92,Toilet,60.0,16.0,19.53
2017-05-28 10:00:00,157.48,Toilet,59.0,17.0,19.69
2017-05-28 13:00:00,233.47,Toilet,54.0,16.0,20.31
2017-05-28 17:00:00,315.87,Toilet,54.0,17.0,20.31
2017-05-28 21:30:00,0.0,Toilet,56.0,16.0,20.16
2017-05-29 06:10:00,132.76,Toilet,57.0,17.0,20.16
2017-05-29 17:30:00,2.75,Toilet,60.0,17.0,20.63
2017-05-29 21:30:00,0.0,Toilet,65.0,16.0,21.26
2017-05-30 01:50:00,0.0,Toilet,63.0,16.0,20.94
2017-05-30 06:10:00,47.61,Toilet,62.0,17.0,21.1
2017-05-30 07:30:00,182.2,Toilet,66.0,16.0,21.26
2017-05-30 17:30:00,270.09,Toilet,62.0,17.0,21.73
2017-05-30 23:20:00,0.0,Toilet,63.0,16.0,21.73
2017-05-31 21:30:00,0.0,Toilet,60.0,16.0,22.05
2017-06-01 00:30:00,0.0,Toilet,60.0,16.0,22.05
2017-06-01 06:10:00,92.47,Toilet,59.0,17.0,21.89
2017-06-01 07:30:00,139.16,Toilet,59.0,16.0,21.89
2017-06-01 17:30:00,274.67,Toilet,51.0,17.0,22.52
2017-06-01 21:30:00,0.0,Toilet,55.0,16.0,22.05
2017-06-01 23:50:00,0.0,Toilet,58.0,16.0,22.05
2017-06-02 21:30:00,0.92,Toilet,56.0,16.0,22.05
2017-06-03 10:00:00,264.6,Toilet,57.0,17.0,22.52
2017-06-03 13:00:00,272.84,Toilet,58.0,16.0,22.68
2017-06-03 17:00:00,317.7,Toilet,58.0,17.0,22.68
2017-06-03 21:30:00,0.92,Toilet,59.0,16.0,22.2
2017-06-04 02:00:00,0.0,Toilet,60.0,16.0,22.05
2017-06-04 10:00:00,84.23,Toilet,61.0,17.0,22.05
2017-06-04 13:00:00,205.08,Toilet,60.0,16.0,22.2
2017-06-04 17:00:00,268.26,Toilet,56.0,17.0,22.2
2017-06-04 21:30:00,0.0,Toilet,56.0,16.0,21.89
2017-06-05 00:00:00,0.0,Toilet,58.0,16.0,21.73
2017-06-05 06:10:00,65.92,Toilet,58.0,17.0,21.57
2017-06-05 07:30:00,140.08,Toilet,57.0,16.0,21.57
2017-06-05 17:30:00,94.3,Toilet,61.0,17.0,21.26
2017-06-05 21:30:00,0.92,Toilet,62.0,16.0,21.26
